_id	artists	audio_features.acousticness	audio_features.analysis_url	audio_features.danceability	audio_features.duration_ms	audio_features.energy	audio_features.id	audio_features.instrumentalness	audio_features.key	audio_features.liveness	audio_features.loudness	audio_features.mode	audio_features.speechiness	audio_features.tempo	audio_features.time_signature	audio_features.track_href	audio_features.type	audio_features.uri	audio_features.valence	name	tags	type	class
5def6aa254d79fcf0de3ec66	Lady Gaga	0.00314	https://api.spotify.com/v1/audio-analysis/0SiywuOBRcynK0uKGWdCnn	0.696	294573	0.921	0SiywuOBRcynK0uKGWdCnn	0.0000524	0	0.0842	-3.755	1	0.0363	119.001	4	https://api.spotify.com/v1/tracks/0SiywuOBRcynK0uKGWdCnn	audio_features	spotify:track:0SiywuOBRcynK0uKGWdCnn	0.714	Bad Romance	"['Club', 'Heartache', 'In Love', 'Girls Night Out', 'Partying']"	Hit	Love
5def6aa254d79fcf0de3ec6a	Sam Hunt	0.0951	https://api.spotify.com/v1/audio-analysis/3wx2kQWPn9p5UppQbNhPAk	0.514	192160	0.951	3wx2kQWPn9p5UppQbNhPAk	0	9	0.349	-3.813	1	0.0603	171.96	4	https://api.spotify.com/v1/tracks/3wx2kQWPn9p5UppQbNhPAk	audio_features	spotify:track:3wx2kQWPn9p5UppQbNhPAk	0.838	Leave The Night On	"['Hanging Out', 'New Love', 'Partying']"	Hit	Love
5def6aa254d79fcf0de3ec6b	Justin Bieber	0.159	https://api.spotify.com/v1/audio-analysis/69ghzc538EQSVon2Gm3wrr	0.58	229107	0.75	69ghzc538EQSVon2Gm3wrr	0	4	0.274	-4.421	1	0.194	86.938	4	https://api.spotify.com/v1/tracks/69ghzc538EQSVon2Gm3wrr	audio_features	spotify:track:69ghzc538EQSVon2Gm3wrr	0.728	One Less Lonely Girl	"['Heartache', 'Hanging Out', 'In Love']"	Non-hit	Love
5def6aa254d79fcf0de3ec6e	Jesse McCartney Featuring Ludacris	0.343	https://api.spotify.com/v1/audio-analysis/3jkdQNkDTxxXtjSO4l0o1H	0.747	208333	0.878	3jkdQNkDTxxXtjSO4l0o1H	0	8	0.0872	-3.533	1	0.0282	106.004	4	https://api.spotify.com/v1/tracks/3jkdQNkDTxxXtjSO4l0o1H	audio_features	spotify:track:3jkdQNkDTxxXtjSO4l0o1H	0.557	How Do You Sleep?	"['Girls Night Out', 'Club', 'Heartache', 'In Love', 'Summer']"	Hit	Love
5def6aa254d79fcf0de3ec70	Sam Hunt	0.0749	https://api.spotify.com/v1/audio-analysis/7aftSOGSOpSoIlVAQVBb71	0.579	229880	0.776	7aftSOGSOpSoIlVAQVBb71	0	8	0.239	-5.365	1	0.173	136.044	4	https://api.spotify.com/v1/tracks/7aftSOGSOpSoIlVAQVBb71	audio_features	spotify:track:7aftSOGSOpSoIlVAQVBb71	0.434	Break Up In A Small Town	"['Breakup', 'Guys Night Out', 'Reflection']"	Non-hit	Breakup
5def6aa254d79fcf0de3ec71	Taylor Swift	0.216	https://api.spotify.com/v1/audio-analysis/6NFyWDv5CjfwuzoCkw47Xf	0.75	232253	0.404	6NFyWDv5CjfwuzoCkw47Xf	0.000357	9	0.0911	-10.178	0	0.0682	95.045	4	https://api.spotify.com/v1/tracks/6NFyWDv5CjfwuzoCkw47Xf	audio_features	spotify:track:6NFyWDv5CjfwuzoCkw47Xf	0.0499	Delicate	"['In Love', 'New Love']"	Hit	Love
5def6aa254d79fcf0de3ec72	Luke Bryan	0.257	https://api.spotify.com/v1/audio-analysis/7A5CReD6yWe0rrkJym34QI	0.581	239413	0.691	7A5CReD6yWe0rrkJym34QI	0	9	0.11	-5.33	1	0.0333	137.985	4	https://api.spotify.com/v1/tracks/7A5CReD6yWe0rrkJym34QI	audio_features	spotify:track:7A5CReD6yWe0rrkJym34QI	0.299	Do I	['Breakup']	Non-hit	Breakup
5def6aa254d79fcf0de3ec75	Nicki Minaj	0.0668	https://api.spotify.com/v1/audio-analysis/794F99D5BQHS5ZGRXAs7I5	0.964	260240	0.605	794F99D5BQHS5ZGRXAs7I5	0.00000778	9	0.214	-6.223	1	0.179	129.994	4	https://api.spotify.com/v1/tracks/794F99D5BQHS5ZGRXAs7I5	audio_features	spotify:track:794F99D5BQHS5ZGRXAs7I5	0.646	Anaconda	"['Cool & Cocky', 'Girls Night Out', 'Sex']"	Hit	Love
5def6aa254d79fcf0de3ec78	Jay Sean Featuring Sean Paul & Lil Jon	0.0242	https://api.spotify.com/v1/audio-analysis/7yws3pF3FFguwT2Psi6c15	0.855	210307	0.668	7yws3pF3FFguwT2Psi6c15	0	11	0.102	-4.892	1	0.0644	125.846	4	https://api.spotify.com/v1/tracks/7yws3pF3FFguwT2Psi6c15	audio_features	spotify:track:7yws3pF3FFguwT2Psi6c15	0.803	Do You Remember	"['Late Night', 'Seduction', 'Club', 'Hanging Out', 'Girls Night Out']"	Hit	Love
5def6aa254d79fcf0de3ec79	Taylor Swift	0.186	https://api.spotify.com/v1/audio-analysis/1GwMQaZz6Au3QLDbjbMdme	0.598	203507	0.504	1GwMQaZz6Au3QLDbjbMdme	0.000221	9	0.34	-9.874	1	0.0731	163.954	4	https://api.spotify.com/v1/tracks/1GwMQaZz6Au3QLDbjbMdme	audio_features	spotify:track:1GwMQaZz6Au3QLDbjbMdme	0.252	Call It What You Want	['In Love']	Non-hit	Love
5def6aa254d79fcf0de3ec7a	Beyonce Featuring Jack White	0.0105	https://api.spotify.com/v1/audio-analysis/78eouBKVRyhbSzJwChr6QM	0.614	233667	0.686	78eouBKVRyhbSzJwChr6QM	0.00000136	9	0.184	-6.483	0	0.21	136.537	4	https://api.spotify.com/v1/tracks/78eouBKVRyhbSzJwChr6QM	audio_features	spotify:track:78eouBKVRyhbSzJwChr6QM	0.645	Don't Hurt Yourself	"['Anger/Hostility', 'Argument', 'D-I-V-O-R-C-E']"	Non-hit	Breakup
5def6aa254d79fcf0de3ec7c	Jason Derulo	0.128	https://api.spotify.com/v1/audio-analysis/6BaxqcoEM9r3LXisTyJjST	0.442	215747	0.83	6BaxqcoEM9r3LXisTyJjST	0	9	0.129	-4.02	1	0.146	89.338	4	https://api.spotify.com/v1/tracks/6BaxqcoEM9r3LXisTyJjST	audio_features	spotify:track:6BaxqcoEM9r3LXisTyJjST	0.578	Ridin' Solo	"['Breakup', 'Cool & Cocky', 'Freedom']"	Hit	Breakup
5def6aa254d79fcf0de3ec7e	Shakira	0.289	https://api.spotify.com/v1/audio-analysis/4cS2HQ6jK80vqdY9ofpztx	0.865	188867	0.69	4cS2HQ6jK80vqdY9ofpztx	0.0138	7	0.225	-7.448	1	0.0444	121.983	4	https://api.spotify.com/v1/tracks/4cS2HQ6jK80vqdY9ofpztx	audio_features	spotify:track:4cS2HQ6jK80vqdY9ofpztx	0.868	She Wolf	"['Club', 'Girls Night Out', 'Partying', 'Seduction', 'Sex', 'TGIF']"	Hit	Love
5def6aa254d79fcf0de3ec80	Steven Tyler	0.0631	https://api.spotify.com/v1/audio-analysis/3xuzbqmCALn6Ua8JeOrnZl	0.738	211293	0.952	3xuzbqmCALn6Ua8JeOrnZl	0	6	0.216	-3.386	0	0.0515	122	4	https://api.spotify.com/v1/tracks/3xuzbqmCALn6Ua8JeOrnZl	audio_features	spotify:track:3xuzbqmCALn6Ua8JeOrnZl	0.899	(It) Feels So Good	"['Empowering', 'In Love']"	Non-hit	Love
5def6aa254d79fcf0de3ec83	Kris Allen	0.86	https://api.spotify.com/v1/audio-analysis/2fSsECYZZYs6CnmF7y7rL2	0.425	118556	0.372	2fSsECYZZYs6CnmF7y7rL2	0	11	0.293	-8.324	0	0.043	124.469	4	https://api.spotify.com/v1/tracks/2fSsECYZZYs6CnmF7y7rL2	audio_features	spotify:track:2fSsECYZZYs6CnmF7y7rL2	0.391	Ain't No Sunshine	"['Heartache', 'Breakup', 'D-I-V-O-R-C-E']"	Non-hit	Breakup
5def6aa254d79fcf0de3ec85	The Black Eyed Peas	0.0172	https://api.spotify.com/v1/audio-analysis/5K5LbSTVuKKe1KGMNfBgIW	0.715	268840	0.907	5K5LbSTVuKKe1KGMNfBgIW	0.0000839	7	0.426	-6.025	0	0.0993	124.992	4	https://api.spotify.com/v1/tracks/5K5LbSTVuKKe1KGMNfBgIW	audio_features	spotify:track:5K5LbSTVuKKe1KGMNfBgIW	0.841	Rock That Body	"['Partying', 'TGIF', 'Club', 'Girls Night Out', 'Sex']"	Hit	Love
5def6aa254d79fcf0de3ec86	Lady Gaga	0.12	https://api.spotify.com/v1/audio-analysis/0WfKDYeUAoLA3vdvLKKWMW	0.851	237200	0.806	0WfKDYeUAoLA3vdvLKKWMW	0.00000133	4	0.121	-4.618	1	0.0786	119.001	4	https://api.spotify.com/v1/tracks/0WfKDYeUAoLA3vdvLKKWMW	audio_features	spotify:track:0WfKDYeUAoLA3vdvLKKWMW	0.776	Poker Face	"['Club', 'Girls Night Out', 'Late Night', 'Seduction', 'Sex', 'TGIF']"	Hit	Love
5def6aa254d79fcf0de3ec89	Jazmine Sullivan	0.0788	https://api.spotify.com/v1/audio-analysis/7zqM7Wm2xJLZ50qAnTLoHD	0.576	251200	0.515	7zqM7Wm2xJLZ50qAnTLoHD	0	6	0.118	-6.178	1	0.0295	95.406	3	https://api.spotify.com/v1/tracks/7zqM7Wm2xJLZ50qAnTLoHD	audio_features	spotify:track:7zqM7Wm2xJLZ50qAnTLoHD	0.407	"Lions, Tigers & Bears"	"['Feeling Blue', 'Heartache', 'In Love', 'New Love']"	Non-hit	Love
5def6aa254d79fcf0de3ec8a	Blake Shelton	0.0365	https://api.spotify.com/v1/audio-analysis/4ZTVWCfZewoOYhhIEIrAlT	0.41	239200	0.796	4ZTVWCfZewoOYhhIEIrAlT	0.000156	0	0.307	-4.222	1	0.0326	164.161	4	https://api.spotify.com/v1/tracks/4ZTVWCfZewoOYhhIEIrAlT	audio_features	spotify:track:4ZTVWCfZewoOYhhIEIrAlT	0.342	I'll Just Hold On	"['Breakup', 'Heartache', 'Jealousy', 'Reflection', 'Regret']"	Non-hit	Breakup
5def6aa254d79fcf0de3ec8d	Jennifer Hudson	0.209	https://api.spotify.com/v1/audio-analysis/0o6IWuQ9Uxt69jKdVZ1eg2	0.567	216387	0.777	0o6IWuQ9Uxt69jKdVZ1eg2	0	4	0.106	-3.447	1	0.0448	129.86	4	https://api.spotify.com/v1/tracks/0o6IWuQ9Uxt69jKdVZ1eg2	audio_features	spotify:track:0o6IWuQ9Uxt69jKdVZ1eg2	0.403	If This Isn't Love	"['Freedom', 'In Love', 'New Love']"	Non-hit	Love
5def6aa254d79fcf0de3ec8e	Keith Urban	0.0103	https://api.spotify.com/v1/audio-analysis/4DyKZmONpoggnn3piyjad2	0.653	226733	0.786	4DyKZmONpoggnn3piyjad2	0.00000219	2	0.201	-5.418	1	0.0338	120.992	4	https://api.spotify.com/v1/tracks/4DyKZmONpoggnn3piyjad2	audio_features	spotify:track:4DyKZmONpoggnn3piyjad2	0.477	Kiss A Girl	"['Affection/Fondness', 'New Love', 'Relaxation']"	Non-hit	Love
5def6aa254d79fcf0de3ec8f	Pearl Jam	0.721	https://api.spotify.com/v1/audio-analysis/6i81qFkru6Kj1IEsB7KNp2	0.473	215853	0.348	6i81qFkru6Kj1IEsB7KNp2	0.0000742	0	0.0823	-11.1	1	0.0288	107.819	4	https://api.spotify.com/v1/tracks/6i81qFkru6Kj1IEsB7KNp2	audio_features	spotify:track:6i81qFkru6Kj1IEsB7KNp2	0.283	Just Breathe	"['Affection/Fondness', 'Affirmation', 'Comfort', 'In Love', 'Stay in Bed', 'Sunday Afternoon']"	Non-hit	Love
5def6aa254d79fcf0de3ec90	Lee Ann Womack	0.794	https://api.spotify.com/v1/audio-analysis/5DWmvAL8WPuncj8tSxFVNC	0.335	195467	0.584	5DWmvAL8WPuncj8tSxFVNC	0.000195	6	0.0869	-7.089	1	0.0341	78.509	4	https://api.spotify.com/v1/tracks/5DWmvAL8WPuncj8tSxFVNC	audio_features	spotify:track:5DWmvAL8WPuncj8tSxFVNC	0.332	Last Call	"['Breakup', 'Heartache', 'Reflection', 'Regret', 'Drinking', 'In Love']"	Non-hit	Love
5def6aa254d79fcf0de3ec92	Michael Jackson & Justin Timberlake	0.132	https://api.spotify.com/v1/audio-analysis/48td6xvpokdYwvbl3JIiXP	0.775	246027	0.719	48td6xvpokdYwvbl3JIiXP	0.00000179	7	0.0662	-6.212	0	0.0435	117.513	4	https://api.spotify.com/v1/tracks/48td6xvpokdYwvbl3JIiXP	audio_features	spotify:track:48td6xvpokdYwvbl3JIiXP	0.712	Love Never Felt So Good	"['Affection/Fondness', 'In Love', 'Passion']"	Hit	Love
5def6aa254d79fcf0de3ec93	Rascal Flatts	0.42	https://api.spotify.com/v1/audio-analysis/5YSW99IUAIiAj243jF7PBO	0.431	243787	0.584	5YSW99IUAIiAj243jF7PBO	0	2	0.142	-6.025	1	0.0336	146.176	4	https://api.spotify.com/v1/tracks/5YSW99IUAIiAj243jF7PBO	audio_features	spotify:track:5YSW99IUAIiAj243jF7PBO	0.181	Here Comes Goodbye	"['Breakup', 'Heartache', 'Regret', 'In Love']"	Non-hit	Love
5def6aa254d79fcf0de3ec94	Boys Like Girls	0.00177	https://api.spotify.com/v1/audio-analysis/20X9OeC606XNwEtDBOym5u	0.44	226707	0.976	20X9OeC606XNwEtDBOym5u	0.00000339	10	0.16	-3.17	1	0.141	150.005	4	https://api.spotify.com/v1/tracks/20X9OeC606XNwEtDBOym5u	audio_features	spotify:track:20X9OeC606XNwEtDBOym5u	0.412	Love Drunk	"['Day Driving', 'Summer', 'Breakup', 'Hanging Out', 'Heartache']"	Hit	Breakup
5def6aa254d79fcf0de3ec96	Dierks Bentley	0.141	https://api.spotify.com/v1/audio-analysis/19DnL1HnJiijuEfaiS0Eus	0.624	184160	0.915	19DnL1HnJiijuEfaiS0Eus	0	5	0.386	-2.627	0	0.0364	108.046	3	https://api.spotify.com/v1/tracks/19DnL1HnJiijuEfaiS0Eus	audio_features	spotify:track:19DnL1HnJiijuEfaiS0Eus	0.815	Sideways	"['Drinking', 'Late Night', 'Seduction', 'Partying', 'Sex']"	Non-hit	Love
5def6aa254d79fcf0de3ec98	Reba	0.098	https://api.spotify.com/v1/audio-analysis/0fNCLvSVUEK7NTwhu5vk5B	0.587	218053	0.732	0fNCLvSVUEK7NTwhu5vk5B	0	8	0.0917	-3.851	1	0.0296	97.031	4	https://api.spotify.com/v1/tracks/0fNCLvSVUEK7NTwhu5vk5B	audio_features	spotify:track:0fNCLvSVUEK7NTwhu5vk5B	0.453	Consider Me Gone	"['Breakup', 'D-I-V-O-R-C-E', 'Heartache', 'Regret']"	Non-hit	Breakup
5def6aa254d79fcf0de3ec99	Plain White T's	0.566	https://api.spotify.com/v1/audio-analysis/5VWmMZCfJ4yVkJw9ZLFXej	0.458	198360	0.55	5VWmMZCfJ4yVkJw9ZLFXej	0.0000139	2	0.108	-7.092	1	0.0262	90.56	4	https://api.spotify.com/v1/tracks/5VWmMZCfJ4yVkJw9ZLFXej	audio_features	spotify:track:5VWmMZCfJ4yVkJw9ZLFXej	0.56	"1, 2, 3, 4"	"['Summer', 'In Love', 'Sunday Afternoon']"	Non-hit	Love
5def6aa254d79fcf0de3ec9a	Easton Corbin	0.0795	https://api.spotify.com/v1/audio-analysis/7LrZ3SczM7zlUkVlhevPp2	0.64	172227	0.6	7LrZ3SczM7zlUkVlhevPp2	0.0000015	11	0.106	-8.534	1	0.0318	84.969	4	https://api.spotify.com/v1/tracks/7LrZ3SczM7zlUkVlhevPp2	audio_features	spotify:track:7LrZ3SczM7zlUkVlhevPp2	0.593	A Little More Country Than That	"['In Love', 'Relaxation', 'Romantic Evening']"	Non-hit	Love
5def6aa254d79fcf0de3ec9d	Chris Young	0.44	https://api.spotify.com/v1/audio-analysis/28Sc21lrWcZD9Ov4rRkPJq	0.639	212133	0.678	28Sc21lrWcZD9Ov4rRkPJq	0.00000145	7	0.221	-5.02	1	0.0278	106.966	4	https://api.spotify.com/v1/tracks/28Sc21lrWcZD9Ov4rRkPJq	audio_features	spotify:track:28Sc21lrWcZD9Ov4rRkPJq	0.531	Gettin' You Home	"['Dinner Ambiance', 'In Love', 'Relaxation', 'Romantic Evening']"	Non-hit	Love
5def6aa254d79fcf0de3ec9e	Rob Thomas	0.0159	https://api.spotify.com/v1/audio-analysis/3LtwmK1OfN0dGs9jf3qSjn	0.555	280000	0.924	3LtwmK1OfN0dGs9jf3qSjn	0	7	0.075	-4.93	1	0.0604	87.606	4	https://api.spotify.com/v1/tracks/3LtwmK1OfN0dGs9jf3qSjn	audio_features	spotify:track:3LtwmK1OfN0dGs9jf3qSjn	0.865	Her Diamonds	"['Guys Night Out', 'Late Night', 'New Love', 'Reflection']"	Hit	Love
5def6aa254d79fcf0de3eca1	The Black Eyed Peas	0.0873	https://api.spotify.com/v1/audio-analysis/4vp2J1l5RD4gMZwGFLfRAu	0.743	289133	0.766	4vp2J1l5RD4gMZwGFLfRAu	0	0	0.509	-6.375	1	0.0265	127.96	4	https://api.spotify.com/v1/tracks/4vp2J1l5RD4gMZwGFLfRAu	audio_features	spotify:track:4vp2J1l5RD4gMZwGFLfRAu	0.61	I Gotta Feeling	"['Partying', 'TGIF', 'Club', 'Girls Night Out', 'Sex']"	Hit	Love
5def6aa254d79fcf0de3eca3	Lady Antebellum	0.446	https://api.spotify.com/v1/audio-analysis/2nRvKHh2mtOfIQ4jcAkP9q	0.593	218840	0.639	2nRvKHh2mtOfIQ4jcAkP9q	0	1	0.0998	-5.826	1	0.0307	142.881	4	https://api.spotify.com/v1/tracks/2nRvKHh2mtOfIQ4jcAkP9q	audio_features	spotify:track:2nRvKHh2mtOfIQ4jcAkP9q	0.332	Just A Kiss	"['In Love', 'New Love', 'Slow Dance']"	Hit	Love
5def6aa254d79fcf0de3eca6	Monica	0.479	https://api.spotify.com/v1/audio-analysis/4ZOkuIDN8wRczzu1XUYC4y	0.308	196960	0.529	4ZOkuIDN8wRczzu1XUYC4y	0	7	0.441	-5.319	0	0.0874	80.794	4	https://api.spotify.com/v1/tracks/4ZOkuIDN8wRczzu1XUYC4y	audio_features	spotify:track:4ZOkuIDN8wRczzu1XUYC4y	0.485	Everything To Me	"['Affection/Fondness', 'In Love']"	Non-hit	Love
5def6aa254d79fcf0de3ecb6	Taio Cruz Featuring Ludacris	0.00155	https://api.spotify.com/v1/audio-analysis/1CdqVF1ywD0ZO1zXtB9yWa	0.666	186267	0.899	1CdqVF1ywD0ZO1zXtB9yWa	0	8	0.0677	-4.676	1	0.028	122.05	4	https://api.spotify.com/v1/tracks/1CdqVF1ywD0ZO1zXtB9yWa	audio_features	spotify:track:1CdqVF1ywD0ZO1zXtB9yWa	0.629	Break Your Heart	"['Day Driving', 'Seduction', 'Breakup', 'Heartache', 'Heartbreak']"	Hit	Breakup
5def6aa254d79fcf0de3ecb7	Taylor Swift	0.166	https://api.spotify.com/v1/audio-analysis/1ubvV5ECkm6nSI6g1HmbBK	0.589	403920	0.47	1ubvV5ECkm6nSI6g1HmbBK	0.00000145	4	0.112	-5.32	1	0.028	119.386	3	https://api.spotify.com/v1/tracks/1ubvV5ECkm6nSI6g1HmbBK	audio_features	spotify:track:1ubvV5ECkm6nSI6g1HmbBK	0.102	Dear John	['Breakup']	Non-hit	Breakup
5def6aa254d79fcf0de3ecbc	Charice Featuring Iyaz	0.268	https://api.spotify.com/v1/audio-analysis/7Bs3eQv2Z0ZQaAWaBK9N1X	0.562	235947	0.659	7Bs3eQv2Z0ZQaAWaBK9N1X	0	10	0.133	-5.234	1	0.0824	87.539	4	https://api.spotify.com/v1/tracks/7Bs3eQv2Z0ZQaAWaBK9N1X	audio_features	spotify:track:7Bs3eQv2Z0ZQaAWaBK9N1X	0.241	Pyramid	"['In Love', 'Romantic Evening', 'Victory']"	Non-hit	Love
5def6aa254d79fcf0de3ecbe	Sia	0.254	https://api.spotify.com/v1/audio-analysis/25R5Tdr4K7ENb6umHzdCXn	0.508	263520	0.762	25R5Tdr4K7ENb6umHzdCXn	0.000122	6	0.108	-4.217	0	0.0489	99.963	4	https://api.spotify.com/v1/tracks/25R5Tdr4K7ENb6umHzdCXn	audio_features	spotify:track:25R5Tdr4K7ENb6umHzdCXn	0.444	Alive	"['Affection/Fondness', 'Cool & Cocky', 'In Love', 'New Love', 'Sex']"	Non-hit	Love
5def6aa254d79fcf0de3ecbf	Beyonce	0.381	https://api.spotify.com/v1/audio-analysis/1pzJboOZaDNwshBnOlNh3a	0.303	273880	0.384	1pzJboOZaDNwshBnOlNh3a	0.00000514	6	0.0661	-7.342	1	0.0339	63.345	5	https://api.spotify.com/v1/tracks/1pzJboOZaDNwshBnOlNh3a	audio_features	spotify:track:1pzJboOZaDNwshBnOlNh3a	0.261	1+1	"['In Love', 'Passion', 'Seduction']"	Non-hit	Love
5def6aa254d79fcf0de3ecc3	Beyonce	0.143	https://api.spotify.com/v1/audio-analysis/3lBRNqXjPp2j3JMTCXDTNO	0.545	253747	0.649	3lBRNqXjPp2j3JMTCXDTNO	0.0000157	6	0.0894	-4.062	1	0.0324	99.099	4	https://api.spotify.com/v1/tracks/3lBRNqXjPp2j3JMTCXDTNO	audio_features	spotify:track:3lBRNqXjPp2j3JMTCXDTNO	0.297	Best Thing I Never Had	"['New Love', 'Reflection', 'Wedding']"	Hit	Love
5def6aa254d79fcf0de3ecc5	Miranda Lambert	0.238	https://api.spotify.com/v1/audio-analysis/6vMiU1tMnWXkWlmMWjX6ZN	0.556	208867	0.393	6vMiU1tMnWXkWlmMWjX6ZN	0	11	0.0979	-6.589	1	0.025	132.746	4	https://api.spotify.com/v1/tracks/6vMiU1tMnWXkWlmMWjX6ZN	audio_features	spotify:track:6vMiU1tMnWXkWlmMWjX6ZN	0.213	More Like Her	"['Breakup', 'Feeling Blue', 'Heartache', 'Jealousy', 'Regret']"	Non-hit	Breakup
5def6aa254d79fcf0de3ecc6	George Strait	0.00983	https://api.spotify.com/v1/audio-analysis/39CTW8V40QAdFdWxdpUu3r	0.699	191063	0.548	39CTW8V40QAdFdWxdpUu3r	0.00000662	9	0.0955	-8.893	1	0.0301	115.963	4	https://api.spotify.com/v1/tracks/39CTW8V40QAdFdWxdpUu3r	audio_features	spotify:track:39CTW8V40QAdFdWxdpUu3r	0.6	I Gotta Get To You	"['In Love', 'Relaxation', 'Romantic Evening']"	Non-hit	Love
5def6aa254d79fcf0de3eccb	Lifehouse	0.000449	https://api.spotify.com/v1/audio-analysis/7AsqUKKbPMxOFNIbRLBxHt	0.543	195307	0.919	7AsqUKKbPMxOFNIbRLBxHt	0	1	0.243	-4.831	0	0.0415	125.022	4	https://api.spotify.com/v1/tracks/7AsqUKKbPMxOFNIbRLBxHt	audio_features	spotify:track:7AsqUKKbPMxOFNIbRLBxHt	0.498	Halfway Gone	"['Breakup', 'Day Driving', 'Freedom', 'Hanging Out', 'Solitude']"	Non-hit	Breakup
5def6aa254d79fcf0de3eccc	Luis Fonsi & Daddy Yankee Featuring Justin Bieber	0.228	https://api.spotify.com/v1/audio-analysis/6rPO02ozF3bM7NnOV4h6s2	0.653	228827	0.816	6rPO02ozF3bM7NnOV4h6s2	0	2	0.0967	-4.353	1	0.167	178.086	4	https://api.spotify.com/v1/tracks/6rPO02ozF3bM7NnOV4h6s2	audio_features	spotify:track:6rPO02ozF3bM7NnOV4h6s2	0.816	Despacito	"['In Love', 'Passion', 'Seduction']"	Hit	Love
5def6aa254d79fcf0de3ecd0	Maxwell	0.252	https://api.spotify.com/v1/audio-analysis/22NLm3IIR9NLG0cUYtmHMW	0.563	310520	0.402	22NLm3IIR9NLG0cUYtmHMW	0.00000207	9	0.0886	-10.496	1	0.0668	115.561	4	https://api.spotify.com/v1/tracks/22NLm3IIR9NLG0cUYtmHMW	audio_features	spotify:track:22NLm3IIR9NLG0cUYtmHMW	0.2	Pretty Wings	"['Heartache', 'Introspection', 'Regret', 'Romantic Evening', 'Comfort', 'Feeling Blue', 'Late Night', 'Breakup']"	Hit	Breakup
5def6aa254d79fcf0de3ecd2	Jazmine Sullivan	0.538	https://api.spotify.com/v1/audio-analysis/56z2qI0gKcPthQF6l8AW3E	0.683	266307	0.664	56z2qI0gKcPthQF6l8AW3E	0	5	0.0671	-4.233	0	0.0332	106.991	4	https://api.spotify.com/v1/tracks/56z2qI0gKcPthQF6l8AW3E	audio_features	spotify:track:56z2qI0gKcPthQF6l8AW3E	0.866	Bust Your Windows	"['Breakup', 'Feeling Blue', 'Heartache', 'Jealousy', 'Solitude', 'Regret']"	Non-hit	Breakup
5def6aa254d79fcf0de3ecd4	Keith Urban	0.19	https://api.spotify.com/v1/audio-analysis/21zOTXChnP7ghgn3fVKuSF	0.621	228187	0.888	21zOTXChnP7ghgn3fVKuSF	0.000017	8	0.151	-6.199	1	0.0443	102.986	4	https://api.spotify.com/v1/tracks/21zOTXChnP7ghgn3fVKuSF	audio_features	spotify:track:21zOTXChnP7ghgn3fVKuSF	0.651	Sweet Thing	"['Affection/Fondness', 'New Love', 'Relaxation']"	Non-hit	Love
5def6aa254d79fcf0de3ecd7	Paramore	0.00155	https://api.spotify.com/v1/audio-analysis/5rrJOeJ2SMhtQjIPD8kmLr	0.277	264205	0.949	5rrJOeJ2SMhtQjIPD8kmLr	0.000112	10	0.765	-4.072	0	0.0919	164.102	4	https://api.spotify.com/v1/tracks/5rrJOeJ2SMhtQjIPD8kmLr	audio_features	spotify:track:5rrJOeJ2SMhtQjIPD8kmLr	0.232	Decode	['Breakup']	Non-hit	Breakup
5def6aa254d79fcf0de3ecda	Clay Walker	0.00643	https://api.spotify.com/v1/audio-analysis/0158TMiGmHyibaDeaUKayX	0.635	209253	0.758	0158TMiGmHyibaDeaUKayX	0	7	0.229	-5.772	1	0.0243	113.002	4	https://api.spotify.com/v1/tracks/0158TMiGmHyibaDeaUKayX	audio_features	spotify:track:0158TMiGmHyibaDeaUKayX	0.322	She Won't Be Lonely Long	"['Affection/Fondness', 'In Love']"	Non-hit	Love
5def6aa254d79fcf0de3ecdc	Carrie Underwood Featuring Randy Travis	0.643	https://api.spotify.com/v1/audio-analysis/3ZK8icmaq8PMW686smPDVL	0.423	257893	0.522	3ZK8icmaq8PMW686smPDVL	0	8	0.122	-3.849	1	0.029	147.745	4	https://api.spotify.com/v1/tracks/3ZK8icmaq8PMW686smPDVL	audio_features	spotify:track:3ZK8icmaq8PMW686smPDVL	0.236	I Told You So	"['Breakup', 'Heartache', 'Regret']"	Non-hit	Breakup
5def6aa254d79fcf0de3ecde	Jerrod Niemann	0.184	https://api.spotify.com/v1/audio-analysis/5UzU0qw21okODBNUnxptVo	0.879	193733	0.567	5UzU0qw21okODBNUnxptVo	0	7	0.622	-6.509	1	0.0586	112.472	4	https://api.spotify.com/v1/tracks/5UzU0qw21okODBNUnxptVo	audio_features	spotify:track:5UzU0qw21okODBNUnxptVo	0.948	"Lover, Lover"	"['Breakup', 'Freedom', 'Heartache']"	Hit	Breakup
5def6aa254d79fcf0de3ece4	Trey Songz	0.0379	https://api.spotify.com/v1/audio-analysis/6jvvpPJQJy5rMOEkLlADl6	0.663	186307	0.693	6jvvpPJQJy5rMOEkLlADl6	0	7	0.162	-5.776	0	0.0635	120.026	4	https://api.spotify.com/v1/tracks/6jvvpPJQJy5rMOEkLlADl6	audio_features	spotify:track:6jvvpPJQJy5rMOEkLlADl6	0.391	Neighbors Know My Name	"['Late Night', 'Seduction', 'Sex', 'Mischievous', 'In Love']"	Non-hit	Love
5def6aa254d79fcf0de3ece7	Train	0.185	https://api.spotify.com/v1/audio-analysis/4HlFJV71xXKIGcU3kRyttv	0.673	216773	0.886	4HlFJV71xXKIGcU3kRyttv	0	1	0.0826	-4.44	0	0.0431	97.012	4	https://api.spotify.com/v1/tracks/4HlFJV71xXKIGcU3kRyttv	audio_features	spotify:track:4HlFJV71xXKIGcU3kRyttv	0.795	"Hey, Soul Sister"	"['Hanging Out', 'In Love', 'Relaxation']"	Hit	Love
5def6aa254d79fcf0de3ece8	Lady Antebellum	0.163	https://api.spotify.com/v1/audio-analysis/2YVCkTYJpv5jelYrHYoEG8	0.656	256013	0.786	2YVCkTYJpv5jelYrHYoEG8	0.0000599	3	0.124	-4.451	1	0.034	113.963	4	https://api.spotify.com/v1/tracks/2YVCkTYJpv5jelYrHYoEG8	audio_features	spotify:track:2YVCkTYJpv5jelYrHYoEG8	0.378	I Run To You	['In Love']	Hit	Love
5def6aa254d79fcf0de3eceb	Beyonce	0.272	https://api.spotify.com/v1/audio-analysis/4JehYebiI9JE8sR8MisGVb	0.508	261640	0.72	4JehYebiI9JE8sR8MisGVb	0	11	0.0563	-5.908	0	0.0628	79.983	4	https://api.spotify.com/v1/tracks/4JehYebiI9JE8sR8MisGVb	audio_features	spotify:track:4JehYebiI9JE8sR8MisGVb	0.472	Halo	"['Comfort', 'Introspection', 'Reflection', 'Feeling Blue', 'Heartache', 'Solitude', 'In Love']"	Hit	Love
5def6aa254d79fcf0de3ecec	Lady Antebellum	0.0927	https://api.spotify.com/v1/audio-analysis/11EX5yhxr9Ihl3IN1asrfK	0.587	277573	0.622	11EX5yhxr9Ihl3IN1asrfK	0.000636	4	0.2	-5.535	1	0.0303	107.943	4	https://api.spotify.com/v1/tracks/11EX5yhxr9Ihl3IN1asrfK	audio_features	spotify:track:11EX5yhxr9Ihl3IN1asrfK	0.231	Need You Now	"['Drinking', 'Heartache', 'Reflection', 'Breakup']"	Hit	Breakup
5def6aa254d79fcf0de3ecee	Shakira Featuring Lil Wayne	0.443	https://api.spotify.com/v1/audio-analysis/5lR4YDKdhJUkGUYMrMRx43	0.841	183573	0.729	5lR4YDKdhJUkGUYMrMRx43	0	5	0.122	-6.311	0	0.0705	115.984	4	https://api.spotify.com/v1/tracks/5lR4YDKdhJUkGUYMrMRx43	audio_features	spotify:track:5lR4YDKdhJUkGUYMrMRx43	0.688	Give It Up To Me	"['In Love', 'Mischievous', 'Playful', 'Seduction']"	Non-hit	Love
5def6aa254d79fcf0de3ecf1	Mariah Carey	0.0465	https://api.spotify.com/v1/audio-analysis/3IcIIZMMS7UArJJPtEHXG8	0.742	242200	0.468	3IcIIZMMS7UArJJPtEHXG8	0	10	0.826	-5.557	0	0.0625	86.443	4	https://api.spotify.com/v1/tracks/3IcIIZMMS7UArJJPtEHXG8	audio_features	spotify:track:3IcIIZMMS7UArJJPtEHXG8	0.369	Obsessed	"['D-I-V-O-R-C-E', 'Breakup', 'Girls Night Out']"	Hit	Breakup
5def6aa254d79fcf0de3ecf2	Ariana Grande	0.0233	https://api.spotify.com/v1/audio-analysis/5OCJzvD7sykQEKHH7qAC3C	0.602	197547	0.658	5OCJzvD7sykQEKHH7qAC3C	0.00006	1	0.237	-5.934	1	0.0558	145.031	4	https://api.spotify.com/v1/tracks/5OCJzvD7sykQEKHH7qAC3C	audio_features	spotify:track:5OCJzvD7sykQEKHH7qAC3C	0.268	God Is A Woman	['Sex']	Hit	Love
5def6aa254d79fcf0de3ecf3	Colbie Caillat	0.156	https://api.spotify.com/v1/audio-analysis/1le5KVGTF1xWf2aUj7ruLy	0.644	215547	0.834	1le5KVGTF1xWf2aUj7ruLy	0	4	0.112	-6.473	1	0.0275	117.043	4	https://api.spotify.com/v1/tracks/1le5KVGTF1xWf2aUj7ruLy	audio_features	spotify:track:1le5KVGTF1xWf2aUj7ruLy	0.593	Fallin' For You	"['Affection/Fondness', 'Girls Night Out', 'New Love']"	Hit	Love
5def6aa254d79fcf0de3ecf4	Ludacris	0.00248	https://api.spotify.com/v1/audio-analysis/1WtTLtofvcjQM3sXSMkDdX	0.784	201587	0.498	1WtTLtofvcjQM3sXSMkDdX	0.00000123	1	0.224	-6.977	1	0.0533	143.96	4	https://api.spotify.com/v1/tracks/1WtTLtofvcjQM3sXSMkDdX	audio_features	spotify:track:1WtTLtofvcjQM3sXSMkDdX	0.418	How Low	"['Guys Night Out', 'Sex']"	Hit	Love
5def6aa254d79fcf0de3ecf7	Kris Allen	0.133	https://api.spotify.com/v1/audio-analysis/4gwDrsXJPXfCAYFbpUjeCW	0.577	222333	0.747	4gwDrsXJPXfCAYFbpUjeCW	0	10	0.141	-4.675	0	0.052	94.954	4	https://api.spotify.com/v1/tracks/4gwDrsXJPXfCAYFbpUjeCW	audio_features	spotify:track:4gwDrsXJPXfCAYFbpUjeCW	0.502	Heartless	"['Breakup', 'Heartache', 'Feeling Blue', 'Rainy Day']"	Non-hit	Breakup
5def6aa254d79fcf0de3ecfa	Beyonce	0.0849	https://api.spotify.com/v1/audio-analysis/1z6WtY7X4HQJvzxC4UgkSf	0.652	267413	0.748	1z6WtY7X4HQJvzxC4UgkSf	0	0	0.604	-5.242	1	0.0887	94.1	4	https://api.spotify.com/v1/tracks/1z6WtY7X4HQJvzxC4UgkSf	audio_features	spotify:track:1z6WtY7X4HQJvzxC4UgkSf	0.652	Love On Top	"['Happiness', 'In Love', 'Joy']"	Non-hit	Love
5def6aa254d79fcf0de3ecfc	Justin Bieber	0.0472	https://api.spotify.com/v1/audio-analysis/4nTjkWK590oBDcnIxTr1mI	0.581	256800	0.681	4nTjkWK590oBDcnIxTr1mI	0	7	0.104	-4.469	1	0.0435	176.034	4	https://api.spotify.com/v1/tracks/4nTjkWK590oBDcnIxTr1mI	audio_features	spotify:track:4nTjkWK590oBDcnIxTr1mI	0.634	Favorite Girl	"['In Love', 'Romantic Evening']"	Non-hit	Love
5def6aa254d79fcf0de3ecfd	Drake	0.0211	https://api.spotify.com/v1/audio-analysis/4BycRneKmOs6MhYG9THsuX	0.627	208947	0.614	4BycRneKmOs6MhYG9THsuX	0	6	0.0286	-6.006	0	0.17	96.038	4	https://api.spotify.com/v1/tracks/4BycRneKmOs6MhYG9THsuX	audio_features	spotify:track:4BycRneKmOs6MhYG9THsuX	0.758	Find Your Love	"['Breakup', 'Heartache', 'In Love', 'Reflection']"	Hit	Love
5def6aa254d79fcf0de3ed02	Dean Martin	0.912	https://api.spotify.com/v1/audio-analysis/2uFaJJtFpPDc5Pa95XzTvg	0.452	117147	0.24	2uFaJJtFpPDc5Pa95XzTvg	0.00000245	1	0.175	-14.014	1	0.0351	134.005	4	https://api.spotify.com/v1/tracks/2uFaJJtFpPDc5Pa95XzTvg	audio_features	spotify:track:2uFaJJtFpPDc5Pa95XzTvg	0.701	"Let It Snow, Let It Snow, Let It Snow"	"['Christmas Party', 'Holidays', 'Winter', 'Affection/Fondness', 'Comfort', 'In Love', 'Introspection', 'New Love']"	Non-hit	Love
5def6aa254d79fcf0de3ed03	Usher Featuring Nicki Minaj	0.000879	https://api.spotify.com/v1/audio-analysis/2sdarYql1R0GAdFsdb4LDM	0.834	234253	0.628	2sdarYql1R0GAdFsdb4LDM	0.000192	7	0.292	-6.616	1	0.0626	139.958	4	https://api.spotify.com/v1/tracks/2sdarYql1R0GAdFsdb4LDM	audio_features	spotify:track:2sdarYql1R0GAdFsdb4LDM	0.766	Lil Freak	"['Late Night', 'Seduction', 'Sex', 'Mischievous', 'In Love']"	Non-hit	Love
5def6aa254d79fcf0de3ed05	Ellie Goulding	0.247	https://api.spotify.com/v1/audio-analysis/2l8w0zZVn4AZNuzrht7MRT	0.262	252534	0.606	2l8w0zZVn4AZNuzrht7MRT	0	8	0.125	-6.646	1	0.0484	189.857	4	https://api.spotify.com/v1/tracks/2l8w0zZVn4AZNuzrht7MRT	audio_features	spotify:track:2l8w0zZVn4AZNuzrht7MRT	0.275	Love Me Like You Do	"['Club', 'In Love', 'Sex']"	Hit	Love
5def6aa254d79fcf0de3ed06	Ludacris Featuring Nicki Minaj	0.172	https://api.spotify.com/v1/audio-analysis/3bMNprrp2JDKZsGbiXpsJl	0.624	216933	0.723	3bMNprrp2JDKZsGbiXpsJl	0	1	0.483	-6.782	1	0.378	84.789	4	https://api.spotify.com/v1/tracks/3bMNprrp2JDKZsGbiXpsJl	audio_features	spotify:track:3bMNprrp2JDKZsGbiXpsJl	0.757	My Chick Bad	"['Partying', 'TGIF', 'Cool & Cocky', 'Mischievous', 'Guys Night Out', 'Sex']"	Hit	Love
5def6aa254d79fcf0de3ed08	Beyonce	0.0209	https://api.spotify.com/v1/audio-analysis/2RQAG0wQt35UzAPEyVJFWN	0.455	237440	0.535	2RQAG0wQt35UzAPEyVJFWN	0.64	9	0.126	-10.602	0	0.0426	157.01	4	https://api.spotify.com/v1/tracks/2RQAG0wQt35UzAPEyVJFWN	audio_features	spotify:track:2RQAG0wQt35UzAPEyVJFWN	0.216	Love Drought	"['Hope', 'In Love', 'Regret']"	Non-hit	Love
5def6aa254d79fcf0de3ed0d	Wham!	0.262	https://api.spotify.com/v1/audio-analysis/6wn2nmFn3wDuiMldRiuRuL	0.757	267160	0.618	6wn2nmFn3wDuiMldRiuRuL	0	11	0.221	-7.964	0	0.0282	106.856	4	https://api.spotify.com/v1/tracks/6wn2nmFn3wDuiMldRiuRuL	audio_features	spotify:track:6wn2nmFn3wDuiMldRiuRuL	0.861	Last Christmas	"['Christmas Party', 'Feeling Blue', 'Heartache', 'Holidays', 'In Love', 'Loss/Grief', 'Partying', 'Reminiscing']"	Non-hit	Love
5def6aa254d79fcf0de3ed0e	Trey Songz Featuring Gucci Mane & Soulja Boy Tell'em	0.00701	https://api.spotify.com/v1/audio-analysis/7H2rO0shNOiEzaUP3cIkv4	0.807	246907	0.747	7H2rO0shNOiEzaUP3cIkv4	0	10	0.107	-5.495	1	0.112	154.991	4	https://api.spotify.com/v1/tracks/7H2rO0shNOiEzaUP3cIkv4	audio_features	spotify:track:7H2rO0shNOiEzaUP3cIkv4	0.784	LOL :-)	"['Late Night', 'Seduction', 'Sex', 'Mischievous', 'In Love']"	Non-hit	Love
5def6aa254d79fcf0de3ed0f	Chris Brown Featuring Lil Wayne & Swizz Beatz	0.048	https://api.spotify.com/v1/audio-analysis/7n6TT5TDeS0A1DqEtSdapf	0.541	228640	0.953	7n6TT5TDeS0A1DqEtSdapf	0	5	0.192	-4.229	1	0.107	111.378	5	https://api.spotify.com/v1/tracks/7n6TT5TDeS0A1DqEtSdapf	audio_features	spotify:track:7n6TT5TDeS0A1DqEtSdapf	0.856	I Can Transform Ya	"['Playful', 'Seduction', 'Day Driving', 'Guys Night Out', 'TGIF']"	Non-hit	Love
5def6aa254d79fcf0de3ed10	Rascal Flatts	0.141	https://api.spotify.com/v1/audio-analysis/4eqHcG3ffOYNGHxjDqY8Sv	0.333	256853	0.698	4eqHcG3ffOYNGHxjDqY8Sv	0	3	0.113	-6.986	1	0.039	179.979	4	https://api.spotify.com/v1/tracks/4eqHcG3ffOYNGHxjDqY8Sv	audio_features	spotify:track:4eqHcG3ffOYNGHxjDqY8Sv	0.203	Forever	"['Affection/Fondness', 'Reflection', 'Reminiscing', 'In Love']"	Non-hit	Love
5def6aa254d79fcf0de3ed11	Lil Wayne Featuring Drake & Future	0.0119	https://api.spotify.com/v1/audio-analysis/7tGlzXJv6GD5e5qlu5YmDg	0.674	253440	0.608	7tGlzXJv6GD5e5qlu5YmDg	0	8	0.103	-6.628	0	0.0334	124.952	4	https://api.spotify.com/v1/tracks/7tGlzXJv6GD5e5qlu5YmDg	audio_features	spotify:track:7tGlzXJv6GD5e5qlu5YmDg	0.464	Love Me	"['Club', 'Cool & Cocky', 'Sex']"	Hit	Love
5def6aa254d79fcf0de3ed13	Rascal Flatts	0.0613	https://api.spotify.com/v1/audio-analysis/45rEMRPLdv7PZw0FkAtsvG	0.321	216280	0.763	45rEMRPLdv7PZw0FkAtsvG	0	9	0.13	-5.742	1	0.0415	163.8	4	https://api.spotify.com/v1/tracks/45rEMRPLdv7PZw0FkAtsvG	audio_features	spotify:track:45rEMRPLdv7PZw0FkAtsvG	0.355	Love Who You Love	"['Affection/Fondness', 'Comfort', 'Reflection', 'In Love']"	Non-hit	Love
5def6aa254d79fcf0de3ed16	Lil Wayne	0.00316	https://api.spotify.com/v1/audio-analysis/50mX6QmpQX4cCsRYJ9fGM3	0.626	248240	0.866	50mX6QmpQX4cCsRYJ9fGM3	0.000364	11	0.171	-4.065	0	0.0408	132.031	4	https://api.spotify.com/v1/tracks/50mX6QmpQX4cCsRYJ9fGM3	audio_features	spotify:track:50mX6QmpQX4cCsRYJ9fGM3	0.545	On Fire	"['Girls Night Out', 'Sex']"	Non-hit	Love
5def6aa254d79fcf0de3ed17	The All-American Rejects	0.000543	https://api.spotify.com/v1/audio-analysis/5nG2a2OqJoniDIwvicTm8n	0.415	208600	0.913	5nG2a2OqJoniDIwvicTm8n	0.0000302	7	0.284	-5.361	1	0.0482	164.289	4	https://api.spotify.com/v1/tracks/5nG2a2OqJoniDIwvicTm8n	audio_features	spotify:track:5nG2a2OqJoniDIwvicTm8n	0.427	I Wanna	['In Love']	Non-hit	Love
5def6aa254d79fcf0de3ed18	Ginuwine	0.033	https://api.spotify.com/v1/audio-analysis/3kLnuNFDzKDCFdExOc5jou	0.736	267818	0.721	3kLnuNFDzKDCFdExOc5jou	0.0338	1	0.0888	-12.992	0	0.0343	128.01	4	https://api.spotify.com/v1/tracks/3kLnuNFDzKDCFdExOc5jou	audio_features	spotify:track:3kLnuNFDzKDCFdExOc5jou	0.8	Last Chance	"['Heartache', 'In Love', 'Reflection', 'Regret', 'Seduction']"	Non-hit	Love
5def6aa254d79fcf0de3ed1a	Sean Kingston	0.00104	https://api.spotify.com/v1/audio-analysis/21XsBxsHuD8Ijk1mvR9bIb	0.634	184573	0.827	21XsBxsHuD8Ijk1mvR9bIb	0	2	0.326	-3.687	1	0.0393	83.994	4	https://api.spotify.com/v1/tracks/21XsBxsHuD8Ijk1mvR9bIb	audio_features	spotify:track:21XsBxsHuD8Ijk1mvR9bIb	0.739	Face Drop	"['Breakup', 'Guys Night Out']"	Non-hit	Breakup
5def6aa254d79fcf0de3ed1b	Maxwell	0.176	https://api.spotify.com/v1/audio-analysis/3uMigZrW9l9De8roOy6CAn	0.744	219267	0.62	3uMigZrW9l9De8roOy6CAn	0	0	0.101	-6.995	1	0.0558	123.032	3	https://api.spotify.com/v1/tracks/3uMigZrW9l9De8roOy6CAn	audio_features	spotify:track:3uMigZrW9l9De8roOy6CAn	0.701	Fistful Of Tears	"['Feeling Blue', 'In Love', 'Solitude', 'Comfort', 'Heartache', 'Late Night', 'Reflection']"	Non-hit	Love
5def6aa254d79fcf0de3ed1d	Train	0.0108	https://api.spotify.com/v1/audio-analysis/3g4GTF5OZrLrmk7hGZFkH8	0.628	239040	0.917	3g4GTF5OZrLrmk7hGZFkH8	0.00000225	6	0.306	-3.489	1	0.144	94.988	4	https://api.spotify.com/v1/tracks/3g4GTF5OZrLrmk7hGZFkH8	audio_features	spotify:track:3g4GTF5OZrLrmk7hGZFkH8	0.638	If It's Love	"['Comfort', 'In Love', 'Reflection']"	Non-hit	Love
5def6aa254d79fcf0de3ed1f	Dierks Bentley	0.104	https://api.spotify.com/v1/audio-analysis/0V6Na986SNXm1CpreVF56E	0.599	239119	0.61	0V6Na986SNXm1CpreVF56E	0.0000483	1	0.115	-5.745	1	0.0232	95.979	4	https://api.spotify.com/v1/tracks/0V6Na986SNXm1CpreVF56E	audio_features	spotify:track:0V6Na986SNXm1CpreVF56E	0.359	I Wanna Make You Close Your Eyes	"['In Love', 'Relaxation', 'Romantic Evening']"	Non-hit	Love
5def6aa254d79fcf0de3ed22	Mary J. Blige	0.11	https://api.spotify.com/v1/audio-analysis/0a4HnQAiD08Yg8z30yfPhI	0.449	203520	0.715	0a4HnQAiD08Yg8z30yfPhI	0	11	0.532	-3.636	0	0.271	169.916	4	https://api.spotify.com/v1/tracks/0a4HnQAiD08Yg8z30yfPhI	audio_features	spotify:track:0a4HnQAiD08Yg8z30yfPhI	0.516	I Am	"['In Love', 'Introspection', 'Romantic Evening']"	Non-hit	Love
5def6aa254d79fcf0de3ed23	Ciara Featuring Justin Timberlake	0.0203	https://api.spotify.com/v1/audio-analysis/158q3fa4ZMoMYWdiYWD5NL	0.893	220427	0.666	158q3fa4ZMoMYWdiYWD5NL	0	1	0.342	-5.089	1	0.136	107.026	4	https://api.spotify.com/v1/tracks/158q3fa4ZMoMYWdiYWD5NL	audio_features	spotify:track:158q3fa4ZMoMYWdiYWD5NL	0.874	Love Sex Magic	"['Club', 'Seduction', 'Sex', 'In Love', 'Exercise/Workout']"	Non-hit	Love
5def6aa254d79fcf0de3ed24	Trey Songz Featuring Drake	0.0678	https://api.spotify.com/v1/audio-analysis/1Ug1mV9h5qVSs4rvvnQWux	0.69	247933	0.76	1Ug1mV9h5qVSs4rvvnQWux	0	0	0.184	-4.778	1	0.0587	89.958	4	https://api.spotify.com/v1/tracks/1Ug1mV9h5qVSs4rvvnQWux	audio_features	spotify:track:1Ug1mV9h5qVSs4rvvnQWux	0.468	I Invented Sex	"['Late Night', 'Seduction', 'Sex', 'Mischievous', 'In Love']"	Non-hit	Love
5def6aa254d79fcf0de3ed25	Daddy Yankee	0.174	https://api.spotify.com/v1/audio-analysis/6KuqAtoeVzxAYOaMveLNpH	0.783	200480	0.84	6KuqAtoeVzxAYOaMveLNpH	0	1	0.412	-3.416	1	0.051	95.001	4	https://api.spotify.com/v1/tracks/6KuqAtoeVzxAYOaMveLNpH	audio_features	spotify:track:6KuqAtoeVzxAYOaMveLNpH	0.839	Dura	"['At the Beach', 'In Love', 'New Love']"	Hit	Love
5def6aa254d79fcf0de3ed2b	Juice WRLD	0.0769	https://api.spotify.com/v1/audio-analysis/4VXIryQMWpIdGgYR4TrjT1	0.671	165820	0.529	4VXIryQMWpIdGgYR4TrjT1	0.000335	0	0.0856	-7.226	1	0.307	161.989	4	https://api.spotify.com/v1/tracks/4VXIryQMWpIdGgYR4TrjT1	audio_features	spotify:track:4VXIryQMWpIdGgYR4TrjT1	0.203	All Girls Are The Same	"['Breakup', 'Heartbreak']"	Non-hit	Breakup
5def6aa254d79fcf0de3ed2d	Blake Shelton	0.153	https://api.spotify.com/v1/audio-analysis/20xK9pC1cCJKnjtJ37YNOQ	0.509	215613	0.662	20xK9pC1cCJKnjtJ37YNOQ	0	0	0.0773	-4.873	1	0.0293	160.129	4	https://api.spotify.com/v1/tracks/20xK9pC1cCJKnjtJ37YNOQ	audio_features	spotify:track:20xK9pC1cCJKnjtJ37YNOQ	0.231	She Wouldn't Be Gone	"['Breakup', 'Heartache', 'Jealousy', 'Reflection', 'Regret']"	Non-hit	Breakup
5def6aa254d79fcf0de3ed2e	Rihanna	0.046	https://api.spotify.com/v1/audio-analysis/3rMsX63C0IZVnOT5LGYoTH	0.48	227533	0.486	3rMsX63C0IZVnOT5LGYoTH	0	6	0.107	-5.754	0	0.0447	80.051	4	https://api.spotify.com/v1/tracks/3rMsX63C0IZVnOT5LGYoTH	audio_features	spotify:track:3rMsX63C0IZVnOT5LGYoTH	0.265	Russian Roulette	"['Breakup', 'Girls Night Out', 'Partying', 'Seduction']"	Non-hit	Love
5def6aa254d79fcf0de3ed34	Maxwell	0.0873	https://api.spotify.com/v1/audio-analysis/0f62w1teOSaYgKObtzygaR	0.661	352280	0.67	0f62w1teOSaYgKObtzygaR	0.00000201	11	0.0794	-7.645	0	0.258	148.02	4	https://api.spotify.com/v1/tracks/0f62w1teOSaYgKObtzygaR	audio_features	spotify:track:0f62w1teOSaYgKObtzygaR	0.661	Bad Habits	"['Late Night', 'Romantic Evening', 'Sex', 'Heartache', 'Comfort', 'Regret', 'Seduction']"	Non-hit	Love
5def6aa254d79fcf0de3ed35	Plies Featuring Chris J	0.00286	https://api.spotify.com/v1/audio-analysis/2m0dyKic2V40cSkuO9CNm7	0.759	257413	0.583	2m0dyKic2V40cSkuO9CNm7	0	1	0.0445	-8.503	1	0.0864	76.023	4	https://api.spotify.com/v1/tracks/2m0dyKic2V40cSkuO9CNm7	audio_features	spotify:track:2m0dyKic2V40cSkuO9CNm7	0.904	Put It On Ya	"['Seduction', 'Sex']"	Non-hit	Love
5def6aa254d79fcf0de3ed36	Kings Of Leon	0.00172	https://api.spotify.com/v1/audio-analysis/0ntQJM78wzOLVeCUAW7Y45	0.542	203347	0.905	0ntQJM78wzOLVeCUAW7Y45	0.0104	9	0.136	-5.653	1	0.054	153.398	4	https://api.spotify.com/v1/tracks/0ntQJM78wzOLVeCUAW7Y45	audio_features	spotify:track:0ntQJM78wzOLVeCUAW7Y45	0.374	Sex On Fire	"['Late Night', 'In Love', 'Sex']"	Non-hit	Love
5def6aa254d79fcf0de3ed39	Beyonce	0.0322	https://api.spotify.com/v1/audio-analysis/7cvkXf3AwPGT041PyOi5VX	0.616	377467	0.78	7cvkXf3AwPGT041PyOi5VX	0	2	0.173	-6.062	1	0.0623	110.005	4	https://api.spotify.com/v1/tracks/7cvkXf3AwPGT041PyOi5VX	audio_features	spotify:track:7cvkXf3AwPGT041PyOi5VX	0.471	Dance For You	"['In Love', 'Seduction', 'Sex']"	Non-hit	Love
5def6aa254d79fcf0de3ed3a	Lifehouse	0.089	https://api.spotify.com/v1/audio-analysis/5f6cTFoUenDiCJDGecYiuB	0.534	286480	0.708	5f6cTFoUenDiCJDGecYiuB	0	11	0.192	-5.732	1	0.0402	130.639	4	https://api.spotify.com/v1/tracks/5f6cTFoUenDiCJDGecYiuB	audio_features	spotify:track:5f6cTFoUenDiCJDGecYiuB	0.488	Broken	"['Feeling Blue', 'Heartache', 'In Love', 'Introspection', 'Reflection', 'Regret', 'Solitude']"	Non-hit	Love
5def6aa254d79fcf0de3ed3b	Eli Young Band	0.291	https://api.spotify.com/v1/audio-analysis/3RFwzA2lXqIzoXHVbeLH1d	0.474	221800	0.766	3RFwzA2lXqIzoXHVbeLH1d	0.0000138	4	0.685	-3.419	1	0.0291	149.988	4	https://api.spotify.com/v1/tracks/3RFwzA2lXqIzoXHVbeLH1d	audio_features	spotify:track:3RFwzA2lXqIzoXHVbeLH1d	0.402	Always The Love Songs	['In Love']	Non-hit	Love
5def6aa254d79fcf0de3ed40	Alicia Keys	0.036	https://api.spotify.com/v1/audio-analysis/5bpx60gYQoDDJcP7vBygPB	0.712	272613	0.407	5bpx60gYQoDDJcP7vBygPB	0.000291	4	0.0963	-7.104	0	0.0308	103.97	4	https://api.spotify.com/v1/tracks/5bpx60gYQoDDJcP7vBygPB	audio_features	spotify:track:5bpx60gYQoDDJcP7vBygPB	0.0997	Doesn't Mean Anything	"['Breakup', 'Heartache', 'Reflection', 'Regret', 'Solitude']"	Non-hit	Breakup
5def6aa254d79fcf0de3ed41	David Cook	0.0101	https://api.spotify.com/v1/audio-analysis/55r33uTqnLglVMHb1qeWOd	0.476	248000	0.895	55r33uTqnLglVMHb1qeWOd	0.00000102	4	0.127	-4.857	1	0.0299	108.087	4	https://api.spotify.com/v1/tracks/55r33uTqnLglVMHb1qeWOd	audio_features	spotify:track:55r33uTqnLglVMHb1qeWOd	0.632	Come Back To Me	"['Breakup', 'Heartache', 'In Love', 'Solitude']"	Non-hit	Love
5def6aa254d79fcf0de3ed42	Rihanna	0.113	https://api.spotify.com/v1/audio-analysis/60jzFy6Nn4M0iD1d94oteF	0.563	222920	0.75	60jzFy6Nn4M0iD1d94oteF	0	11	0.0788	-4.496	1	0.127	173.906	4	https://api.spotify.com/v1/tracks/60jzFy6Nn4M0iD1d94oteF	audio_features	spotify:track:60jzFy6Nn4M0iD1d94oteF	0.812	Rude Boy	"['Cool & Cocky', 'Freedom', 'Girls Night Out', 'Seduction']"	Hit	Love
5def6aa254d79fcf0de3ed43	Kelly Clarkson	0.046	https://api.spotify.com/v1/audio-analysis/6D60klaHqbCl9ySc8VcRss	0.562	221947	0.939	6D60klaHqbCl9ySc8VcRss	0	0	0.112	-4.282	1	0.0475	116.044	4	https://api.spotify.com/v1/tracks/6D60klaHqbCl9ySc8VcRss	audio_features	spotify:track:6D60klaHqbCl9ySc8VcRss	0.684	Stronger (What Doesn't Kill You)	"['Breakup', 'Empowering', 'Girls Night Out']"	Hit	Breakup
5def6aa254d79fcf0de3ed44	Kris Allen	0.00873	https://api.spotify.com/v1/audio-analysis/0mohIuBYjVJ57MjCvz5oiA	0.657	202896	0.473	0mohIuBYjVJ57MjCvz5oiA	0.858	0	0.131	-10.782	0	0.0289	118.019	4	https://api.spotify.com/v1/tracks/0mohIuBYjVJ57MjCvz5oiA	audio_features	spotify:track:0mohIuBYjVJ57MjCvz5oiA	0.0468	Apologize	"['Heartache', 'Breakup', 'D-I-V-O-R-C-E']"	Non-hit	Breakup
5def6aa254d79fcf0de3ed45	Orianthi	0.0233	https://api.spotify.com/v1/audio-analysis/72phhQtfwZcRweweRxxkmU	0.619	200347	0.917	72phhQtfwZcRweweRxxkmU	0.0000121	5	0.0986	-2.582	1	0.0507	131.002	4	https://api.spotify.com/v1/tracks/72phhQtfwZcRweweRxxkmU	audio_features	spotify:track:72phhQtfwZcRweweRxxkmU	0.552	According To You	"['Girls Night Out', 'Heartache', 'Breakup', 'Empowering', 'Feeling Blue', 'Freedom']"	Hit	Breakup
5def6aa254d79fcf0de3ed47	Chris Brown	0.0416	https://api.spotify.com/v1/audio-analysis/3SK0wdiECK6UltzbYm2rkd	0.41	236253	0.743	3SK0wdiECK6UltzbYm2rkd	0	5	0.113	-6.356	0	0.0591	176.048	4	https://api.spotify.com/v1/tracks/3SK0wdiECK6UltzbYm2rkd	audio_features	spotify:track:3SK0wdiECK6UltzbYm2rkd	0.417	Crawl	"['Heartache', 'In Love', 'Victory']"	Non-hit	Love
5def6aa254d79fcf0de3ed48	The Fray	0.0316	https://api.spotify.com/v1/audio-analysis/6sSDEFMeyf16WRDLRCXwTc	0.413	227080	0.836	6sSDEFMeyf16WRDLRCXwTc	0	3	0.293	-5.593	1	0.0371	140.515	4	https://api.spotify.com/v1/tracks/6sSDEFMeyf16WRDLRCXwTc	audio_features	spotify:track:6sSDEFMeyf16WRDLRCXwTc	0.503	Absolute	"['Comfort', 'Introspection', 'Solitude', 'Heartache', 'In Love']"	Non-hit	Love
5def6aa254d79fcf0de3ed49	Kelly Clarkson	0.217	https://api.spotify.com/v1/audio-analysis/7ceIquYtiTYlgSSm7PqUf9	0.209	281560	0.872	7ceIquYtiTYlgSSm7PqUf9	0	9	0.0768	-2.996	1	0.0757	78.139	4	https://api.spotify.com/v1/tracks/7ceIquYtiTYlgSSm7PqUf9	audio_features	spotify:track:7ceIquYtiTYlgSSm7PqUf9	0.294	Already Gone	"['Breakup', 'Freedom', 'Heartache']"	Hit	Breakup
5def6aa254d79fcf0de3ed4b	Taylor Swift	0.0631	https://api.spotify.com/v1/audio-analysis/5vyxXfD5gLlyPxGZMEjtmd	0.452	191947	0.544	5vyxXfD5gLlyPxGZMEjtmd	0.00000533	4	0.104	-5.423	1	0.0277	133.042	3	https://api.spotify.com/v1/tracks/5vyxXfD5gLlyPxGZMEjtmd	audio_features	spotify:track:5vyxXfD5gLlyPxGZMEjtmd	0.158	Crazier	"['Comfort', 'In Love', 'New Love', 'Romantic Evening']"	Non-hit	Love
5def6aa254d79fcf0de3ed4d	Lady Antebellum	0.313	https://api.spotify.com/v1/audio-analysis/4jJEEPrPMTMHpabgjefRN7	0.555	173267	0.638	4jJEEPrPMTMHpabgjefRN7	0	4	0.122	-5.012	1	0.027	102.676	4	https://api.spotify.com/v1/tracks/4jJEEPrPMTMHpabgjefRN7	audio_features	spotify:track:4jJEEPrPMTMHpabgjefRN7	0.185	Ready To Love Again	"['Affection/Fondness', 'In Love']"	Non-hit	Love
5def6aa254d79fcf0de3ed4e	Lady Gaga	0.000358	https://api.spotify.com/v1/audio-analysis/4lwavw59UjXUPJZtKNdFYp	0.626	274213	0.799	4lwavw59UjXUPJZtKNdFYp	0.00155	11	0.36	-6.612	0	0.046	98.992	4	https://api.spotify.com/v1/tracks/4lwavw59UjXUPJZtKNdFYp	audio_features	spotify:track:4lwavw59UjXUPJZtKNdFYp	0.369	Alejandro	"['Heartache', 'In Love']"	Hit	Love
5def6aa254d79fcf0de3ed50	Maroon 5 Featuring Cardi B	0.568	https://api.spotify.com/v1/audio-analysis/6V1bu6o1Yo5ZXnsCJU8Ovk	0.851	235545	0.541	6V1bu6o1Yo5ZXnsCJU8Ovk	0	0	0.13	-6.825	1	0.0505	124.959	4	https://api.spotify.com/v1/tracks/6V1bu6o1Yo5ZXnsCJU8Ovk	audio_features	spotify:track:6V1bu6o1Yo5ZXnsCJU8Ovk	0.448	Girls Like You	['Breakup']	Hit	Breakup
5def6aa254d79fcf0de3ed51	Kelly Clarkson	0.0014	https://api.spotify.com/v1/audio-analysis/4Dm32oO01YpIubCHaAtKkN	0.526	211493	0.882	4Dm32oO01YpIubCHaAtKkN	0	9	0.144	-4.006	1	0.0509	144.982	4	https://api.spotify.com/v1/tracks/4Dm32oO01YpIubCHaAtKkN	audio_features	spotify:track:4Dm32oO01YpIubCHaAtKkN	0.424	My Life Would Suck Without You	"['Empowering', 'Girls Night Out', 'Motivation', 'Breakup', 'In Love']"	Hit	Love
5def6aa254d79fcf0de3ed52	The Black Eyed Peas	0.00474	https://api.spotify.com/v1/audio-analysis/0xfpx7AiwgSKEtjotea2L6	0.798	284373	0.629	0xfpx7AiwgSKEtjotea2L6	0.0000217	11	0.324	-6.857	0	0.0735	130	4	https://api.spotify.com/v1/tracks/0xfpx7AiwgSKEtjotea2L6	audio_features	spotify:track:0xfpx7AiwgSKEtjotea2L6	0.4	Meet Me Halfway	"['Breakup', 'Heartache', 'Night Driving']"	Hit	Breakup
5def6aa254d79fcf0de3ed54	The Pussycat Dolls	0.0659	https://api.spotify.com/v1/audio-analysis/3tSuRiNgJmMqmYR23dCqnR	0.756	218400	0.612	3tSuRiNgJmMqmYR23dCqnR	0	5	0.274	-4.371	1	0.0317	111.572	4	https://api.spotify.com/v1/tracks/3tSuRiNgJmMqmYR23dCqnR	audio_features	spotify:track:3tSuRiNgJmMqmYR23dCqnR	0.452	I Hate This Part	"['Feeling Blue', 'Introspection', 'Late Night', 'Reflection', 'Breakup', 'In Love', 'Loss/Grief']"	Hit	Love
5def6aa254d79fcf0de3ed56	Beyonce	0.0276	https://api.spotify.com/v1/audio-analysis/7eOG24Nx7j4nI3f9nOZTOi	0.574	165873	0.845	7eOG24Nx7j4nI3f9nOZTOi	0.00029	9	0.387	-7.406	1	0.164	145.921	4	https://api.spotify.com/v1/tracks/7eOG24Nx7j4nI3f9nOZTOi	audio_features	spotify:track:7eOG24Nx7j4nI3f9nOZTOi	0.486	Diva	"['Girls Night Out', 'Partying', 'Club', 'Sex', 'Empowering']"	Hit	Love
5def6aa254d79fcf0de3ed57	P!nk	0.0626	https://api.spotify.com/v1/audio-analysis/733ncRLzZQT5UtSPg1QmPc	0.612	251533	0.797	733ncRLzZQT5UtSPg1QmPc	0	6	0.187	-4.896	1	0.0315	90.95	4	https://api.spotify.com/v1/tracks/733ncRLzZQT5UtSPg1QmPc	audio_features	spotify:track:733ncRLzZQT5UtSPg1QmPc	0.373	Sober	"['Empowering', 'Girls Night Out', 'New Love']"	Hit	Love
5def6aa254d79fcf0de3ed58	Mario Featuring Gucci Mane & Sean Garrett	0.428	https://api.spotify.com/v1/audio-analysis/4UP5HP7IAnNdxD01g1lzQp	0.44	249027	0.517	4UP5HP7IAnNdxD01g1lzQp	0	0	0.173	-7.355	1	0.363	73.881	4	https://api.spotify.com/v1/tracks/4UP5HP7IAnNdxD01g1lzQp	audio_features	spotify:track:4UP5HP7IAnNdxD01g1lzQp	0.475	Break Up	"['Breakup', 'In Love', 'Late Night', 'Seduction', 'Sex', 'Heartache']"	Hit	Love
5def6aa254d79fcf0de3ed59	Carrie Underwood	0.0328	https://api.spotify.com/v1/audio-analysis/6OqdF0vHI9xkqswI7EK0cD	0.597	236787	0.82	6OqdF0vHI9xkqswI7EK0cD	0	5	0.119	-2.529	1	0.0582	119.969	4	https://api.spotify.com/v1/tracks/6OqdF0vHI9xkqswI7EK0cD	audio_features	spotify:track:6OqdF0vHI9xkqswI7EK0cD	0.576	Cowboy Casanova	"['Girls Night Out', 'New Love', 'Partying']"	Non-hit	Love
5def6aa254d79fcf0de3ed5b	P!nk	0.00883	https://api.spotify.com/v1/audio-analysis/2gnZad0pb6QtUqMLTj2AjI	0.589	231560	0.845	2gnZad0pb6QtUqMLTj2AjI	0	6	0.326	-4.497	1	0.0378	138.026	4	https://api.spotify.com/v1/tracks/2gnZad0pb6QtUqMLTj2AjI	audio_features	spotify:track:2gnZad0pb6QtUqMLTj2AjI	0.746	Please Don't Leave Me	"['Breakup', 'Empowering', 'Freedom']"	Hit	Breakup
5def6aa254d79fcf0de3ed5c	Jason Aldean	0.646	https://api.spotify.com/v1/audio-analysis/4KAzYqfcijCSZa2P3etHoM	0.623	204200	0.59	4KAzYqfcijCSZa2P3etHoM	0	4	0.295	-5.014	1	0.028	137.071	4	https://api.spotify.com/v1/tracks/4KAzYqfcijCSZa2P3etHoM	audio_features	spotify:track:4KAzYqfcijCSZa2P3etHoM	0.579	Big Green Tractor	['In Love']	Hit	Love
5def6aa254d79fcf0de3ed63	Mariah Carey	0.122	https://api.spotify.com/v1/audio-analysis/39hkE5vwH6RzPlWAxlT7lr	0.591	207133	0.42	39hkE5vwH6RzPlWAxlT7lr	0.00000118	6	0.168	-6.399	1	0.0334	79.957	4	https://api.spotify.com/v1/tracks/39hkE5vwH6RzPlWAxlT7lr	audio_features	spotify:track:39hkE5vwH6RzPlWAxlT7lr	0.318	I Want To Know What Love Is	"['In Love', 'New Love']"	Non-hit	Love
5def6aa254d79fcf0de3ed65	Paramore	0.00109	https://api.spotify.com/v1/audio-analysis/47No93LxERvV6MtOAmQzHS	0.522	218627	0.964	47No93LxERvV6MtOAmQzHS	0.000389	11	0.0387	-2.645	0	0.095	170.944	4	https://api.spotify.com/v1/tracks/47No93LxERvV6MtOAmQzHS	audio_features	spotify:track:47No93LxERvV6MtOAmQzHS	0.51	Ignorance	['Breakup']	Non-hit	Breakup
5def6aa254d79fcf0de3ed66	Janet Featuring J. Cole	0.0131	https://api.spotify.com/v1/audio-analysis/2j9bG8ErzwDyAr7QljgBBp	0.757	260776	0.47	2j9bG8ErzwDyAr7QljgBBp	0.000224	2	0.109	-7.722	1	0.125	88.047	4	https://api.spotify.com/v1/tracks/2j9bG8ErzwDyAr7QljgBBp	audio_features	spotify:track:2j9bG8ErzwDyAr7QljgBBp	0.32	No Sleeep	"['In Love', 'Late Night', 'Seduction']"	Non-hit	Love
5def6aa254d79fcf0de3ed6a	Hannah Montana Featuring David Archuleta	0.127	https://api.spotify.com/v1/audio-analysis/6ftcAmQPmGbk7Gkr5MJe4T	0.684	166893	0.741	6ftcAmQPmGbk7Gkr5MJe4T	0	5	0.348	-3.892	1	0.0276	83.999	4	https://api.spotify.com/v1/tracks/6ftcAmQPmGbk7Gkr5MJe4T	audio_features	spotify:track:6ftcAmQPmGbk7Gkr5MJe4T	0.821	I Wanna Know You	"['Hanging Out', 'In Love']"	Non-hit	Love
5def6aa254d79fcf0de3ed6d	Avril Lavigne	0.00184	https://api.spotify.com/v1/audio-analysis/5eo5uGyM4q70CLU3LZphfu	0.753	196253	0.79	5eo5uGyM4q70CLU3LZphfu	0.0000969	6	0.648	-6.783	0	0.0861	127.991	4	https://api.spotify.com/v1/tracks/5eo5uGyM4q70CLU3LZphfu	audio_features	spotify:track:5eo5uGyM4q70CLU3LZphfu	0.588	Hello Kitty	"['Partying', 'Playful', 'Sex']"	Non-hit	Love
5def6aa254d79fcf0de3ed70	Mike Jones	0.324	https://api.spotify.com/v1/audio-analysis/7xVwhsuZTUWhIyFeDH6rYr	0.65	221933	0.753	7xVwhsuZTUWhIyFeDH6rYr	0	2	0.307	-4.745	0	0.0632	82.478	4	https://api.spotify.com/v1/tracks/7xVwhsuZTUWhIyFeDH6rYr	audio_features	spotify:track:7xVwhsuZTUWhIyFeDH6rYr	0.616	Next To You	"['Cool & Cocky', 'Guys Night Out', 'Seduction']"	Non-hit	Love
5def6aa254d79fcf0de3ed72	The All-American Rejects	0.0159	https://api.spotify.com/v1/audio-analysis/6ihL9TjfRjadfEePzXXyVF	0.718	213107	0.691	6ihL9TjfRjadfEePzXXyVF	0	4	0.0627	-6.44	1	0.0387	100.008	4	https://api.spotify.com/v1/tracks/6ihL9TjfRjadfEePzXXyVF	audio_features	spotify:track:6ihL9TjfRjadfEePzXXyVF	0.552	Gives You Hell	"['Breakup', 'Mischievous']"	Hit	Breakup
5def6aa254d79fcf0de3ed73	Beyonce	0.107	https://api.spotify.com/v1/audio-analysis/26NX1wPt1TRCH536yocd6i	0.632	249147	0.518	26NX1wPt1TRCH536yocd6i	0	6	0.354	-6.126	1	0.0313	90.007	4	https://api.spotify.com/v1/tracks/26NX1wPt1TRCH536yocd6i	audio_features	spotify:track:26NX1wPt1TRCH536yocd6i	0.427	If I Were A Boy	"['Comfort', 'Introspection', 'Reflection', 'Empowering', 'Feeling Blue', 'Girls Night Out', 'Solitude', 'Breakup']"	Hit	Breakup
5def6aa254d79fcf0de3ed74	Ne-Yo	0.661	https://api.spotify.com/v1/audio-analysis/6Hn9Uc1mMNfqChXU3txNke	0.727	254533	0.649	6Hn9Uc1mMNfqChXU3txNke	0	0	0.111	-5.356	1	0.0338	129.992	4	https://api.spotify.com/v1/tracks/6Hn9Uc1mMNfqChXU3txNke	audio_features	spotify:track:6Hn9Uc1mMNfqChXU3txNke	0.669	Mad	"['Breakup', 'Heartache', 'In Love']"	Hit	Love
5def6aa254d79fcf0de3ed75	Kelly Clarkson	0.00098	https://api.spotify.com/v1/audio-analysis/2I5CPUnMIKjEXeg61OI9uV	0.502	200347	0.938	2I5CPUnMIKjEXeg61OI9uV	0	9	0.318	-3.114	1	0.13	144.077	4	https://api.spotify.com/v1/tracks/2I5CPUnMIKjEXeg61OI9uV	audio_features	spotify:track:2I5CPUnMIKjEXeg61OI9uV	0.35	I Do Not Hook Up	"['Affirmation', 'Empowering', 'Motivation', 'In Love', 'Sex']"	Hit	Love
5def6aa254d79fcf0de3ed76	Trace Adkins	0.0418	https://api.spotify.com/v1/audio-analysis/5WHjU4AtVwvUcEemV5ENmn	0.607	183680	0.834	5WHjU4AtVwvUcEemV5ENmn	0.000355	4	0.421	-4.902	1	0.0856	125.924	4	https://api.spotify.com/v1/tracks/5WHjU4AtVwvUcEemV5ENmn	audio_features	spotify:track:5WHjU4AtVwvUcEemV5ENmn	0.687	Marry For Money	"['Cool & Cocky', 'Freedom', 'Guys Night Out', 'Playful', 'Wedding']"	Non-hit	Love
5def6aa254d79fcf0de3ed77	Beyonce	0.0383	https://api.spotify.com/v1/audio-analysis/5R9a4t5t5O0IsznsrKPVro	0.426	193213	0.584	5R9a4t5t5O0IsznsrKPVro	0	1	0.188	-5.293	1	0.296	193.437	4	https://api.spotify.com/v1/tracks/5R9a4t5t5O0IsznsrKPVro	audio_features	spotify:track:5R9a4t5t5O0IsznsrKPVro	0.272	Single Ladies (Put A Ring On It)	"['Girls Night Out', 'Partying', 'Celebration', 'Club', 'Mischievous', 'Playful', 'Sex', 'TGIF']"	Hit	Love
5def6aa254d79fcf0de3ed78	Drake	0.0951	https://api.spotify.com/v1/audio-analysis/1GxHeBvQ9935Dd3cSfsfBa	0.431	258760	0.894	1GxHeBvQ9935Dd3cSfsfBa	0	5	0.188	-2.673	0	0.33	162.193	4	https://api.spotify.com/v1/tracks/1GxHeBvQ9935Dd3cSfsfBa	audio_features	spotify:track:1GxHeBvQ9935Dd3cSfsfBa	0.604	Best I Ever Had	"['Cool & Cocky', 'Guys Night Out', 'Seduction', 'Sex']"	Hit	Love
5def6aa254d79fcf0de3ed7a	Jeremih	0.295	https://api.spotify.com/v1/audio-analysis/4NpDZPwSXmL0cCTaJuVrCw	0.677	226507	0.523	4NpDZPwSXmL0cCTaJuVrCw	0	7	0.151	-5.603	0	0.0439	60.02	4	https://api.spotify.com/v1/tracks/4NpDZPwSXmL0cCTaJuVrCw	audio_features	spotify:track:4NpDZPwSXmL0cCTaJuVrCw	0.446	Birthday Sex	"['In Love', 'Late Night', 'Seduction', 'Sex']"	Hit	Love
5def6aa254d79fcf0de3ed7b	Lady Gaga	0.111	https://api.spotify.com/v1/audio-analysis/16Me2jlMlTX4xsps2j71mC	0.763	208307	0.693	16Me2jlMlTX4xsps2j71mC	0	5	0.101	-3.973	0	0.0438	114.912	4	https://api.spotify.com/v1/tracks/16Me2jlMlTX4xsps2j71mC	audio_features	spotify:track:16Me2jlMlTX4xsps2j71mC	0.399	Paparazzi	"['Club', 'Late Night', 'Seduction', 'Sex']"	Hit	Love
5def6aa254d79fcf0de3ed7c	Beyonce	0.0895	https://api.spotify.com/v1/audio-analysis/1FKxKGONukVFXWVJxAKmlz	0.694	208067	0.825	1FKxKGONukVFXWVJxAKmlz	0.0000186	1	0.0618	-5.986	1	0.111	121.949	4	https://api.spotify.com/v1/tracks/1FKxKGONukVFXWVJxAKmlz	audio_features	spotify:track:1FKxKGONukVFXWVJxAKmlz	0.788	Sweet Dreams	"['Heartache', 'In Love']"	Hit	Love
5def6aa254d79fcf0de3ed7e	Trey Songz Featuring Fabolous	0.00453	https://api.spotify.com/v1/audio-analysis/2fQ6sBFWaLv2Gxos4igHLy	0.724	207547	0.87	2fQ6sBFWaLv2Gxos4igHLy	0	1	0.833	-3.614	0	0.113	93.01	4	https://api.spotify.com/v1/tracks/2fQ6sBFWaLv2Gxos4igHLy	audio_features	spotify:track:2fQ6sBFWaLv2Gxos4igHLy	0.81	Say Aah	"['Celebration', 'Club', 'Partying', 'Seduction', 'TGIF']"	Hit	Love
5def6aa254d79fcf0de3ed80	Akon Featuring Colby O'Donis & Kardinal Offishall	0.122	https://api.spotify.com/v1/audio-analysis/7rv0UuxMX7CpUUwEE1jVrd	0.743	312987	0.948	7rv0UuxMX7CpUUwEE1jVrd	0	0	0.112	-4.445	0	0.0893	130.024	4	https://api.spotify.com/v1/tracks/7rv0UuxMX7CpUUwEE1jVrd	audio_features	spotify:track:7rv0UuxMX7CpUUwEE1jVrd	0.614	Beautiful	"['Heartache', 'In Love', 'Romantic Evening']"	Hit	Love
5def6aa254d79fcf0de3ed85	Will Young	0.141	https://api.spotify.com/v1/audio-analysis/4mZsyuthp695XQWwb2g3qe	0.639	213013	0.456	4mZsyuthp695XQWwb2g3qe	0	6	0.133	-8.612	1	0.0391	81.988	4	https://api.spotify.com/v1/tracks/4mZsyuthp695XQWwb2g3qe	audio_features	spotify:track:4mZsyuthp695XQWwb2g3qe	0.372	Leave Right Now	"['Feeling Blue', 'In Love', 'Loss/Grief']"	Non-hit	Love
5def6aa254d79fcf0de3ed8a	Jonas Brothers	0.226	https://api.spotify.com/v1/audio-analysis/20ILnt1ckabPVF562uXgpF	0.192	223587	0.637	20ILnt1ckabPVF562uXgpF	0	9	0.24	-6.241	1	0.0485	175.081	3	https://api.spotify.com/v1/tracks/20ILnt1ckabPVF562uXgpF	audio_features	spotify:track:20ILnt1ckabPVF562uXgpF	0.102	Love Is On Its Way	"['Girls Night Out', 'Affection/Fondness', 'Comfort', 'New Love', 'Summer']"	Non-hit	Love
5def6aa254d79fcf0de3ed8b	Adam Lambert	0.0411	https://api.spotify.com/v1/audio-analysis/0BmT0BVnYYggf7V4NCtx2B	0.654	215160	0.872	0BmT0BVnYYggf7V4NCtx2B	0	1	0.0808	-3.824	1	0.11	130.023	4	https://api.spotify.com/v1/tracks/0BmT0BVnYYggf7V4NCtx2B	audio_features	spotify:track:0BmT0BVnYYggf7V4NCtx2B	0.612	For Your Entertainment	"['Club', 'Late Night', 'Seduction']"	Non-hit	Love
5def6aa254d79fcf0de3ed8d	Miranda Cosgrove	0.0119	https://api.spotify.com/v1/audio-analysis/3pt4BDnaMo2vznoVSv7b2y	0.624	199693	0.86	3pt4BDnaMo2vznoVSv7b2y	0	0	0.0598	-3.129	0	0.043	110.018	4	https://api.spotify.com/v1/tracks/3pt4BDnaMo2vznoVSv7b2y	audio_features	spotify:track:3pt4BDnaMo2vznoVSv7b2y	0.521	Kissin U	"['Day Driving', 'In Love']"	Non-hit	Love
5def6aa254d79fcf0de3ed91	Mariah Carey Featuring YG	0.126	https://api.spotify.com/v1/audio-analysis/2Yia0Gh4n61fPAjrNE5i2t	0.419	256215	0.616	2Yia0Gh4n61fPAjrNE5i2t	0	5	0.0636	-5.382	0	0.253	203.551	4	https://api.spotify.com/v1/tracks/2Yia0Gh4n61fPAjrNE5i2t	audio_features	spotify:track:2Yia0Gh4n61fPAjrNE5i2t	0.33	I Don't	"['At the Office', 'Breakup', 'Feeling Blue', 'Heartache', 'Relaxation', 'Slow Dance', 'In Love', 'Comfort']"	Non-hit	Love
5def6aa254d79fcf0de3ed94	Jason Mraz	0.0448	https://api.spotify.com/v1/audio-analysis/5wfiaGgyuQcW2hvDy2NB5J	0.632	273653	0.429	5wfiaGgyuQcW2hvDy2NB5J	0	4	0.132	-6.784	0	0.0381	143.795	4	https://api.spotify.com/v1/tracks/5wfiaGgyuQcW2hvDy2NB5J	audio_features	spotify:track:5wfiaGgyuQcW2hvDy2NB5J	0.521	If It Kills Me	"['Affection/Fondness', 'Heartache', 'New Love']"	Non-hit	Love
5def6aa254d79fcf0de3ed96	Leona Lewis	0.132	https://api.spotify.com/v1/audio-analysis/4gJxLdiZXkKiSbvpFHNu8n	0.406	238640	0.6	4gJxLdiZXkKiSbvpFHNu8n	0	7	0.15	-4.157	1	0.0298	149.987	4	https://api.spotify.com/v1/tracks/4gJxLdiZXkKiSbvpFHNu8n	audio_features	spotify:track:4gJxLdiZXkKiSbvpFHNu8n	0.205	I Will Be	"['Heartache', 'Regret', 'Relaxation', 'Romantic Evening', 'Sweet Dreams', 'In Love', 'Empowering', 'Girls Night Out']"	Non-hit	Love
5def6aa254d79fcf0de3ed97	Keith Urban	0.0382	https://api.spotify.com/v1/audio-analysis/0sAZEGLK6OU4VAWC9puWgh	0.567	273520	0.862	0sAZEGLK6OU4VAWC9puWgh	0.000162	5	0.0973	-5.887	1	0.0452	129.98	4	https://api.spotify.com/v1/tracks/0sAZEGLK6OU4VAWC9puWgh	audio_features	spotify:track:0sAZEGLK6OU4VAWC9puWgh	0.661	I'm In	"['Affection/Fondness', 'In Love', 'New Love']"	Non-hit	Love
5def6aa254d79fcf0de3ed9b	Dierks Bentley	0.371	https://api.spotify.com/v1/audio-analysis/0U7Q336Pth6J3mPy736fQq	0.412	201507	0.833	0U7Q336Pth6J3mPy736fQq	0.0000128	1	0.208	-3.865	1	0.0352	179.846	4	https://api.spotify.com/v1/tracks/0U7Q336Pth6J3mPy736fQq	audio_features	spotify:track:0U7Q336Pth6J3mPy736fQq	0.669	Feel That Fire	"['Day Driving', 'In Love', 'Partying']"	Non-hit	Love
5def6aa254d79fcf0de3ed9d	Flo Rida Featuring Ne-Yo	0.334	https://api.spotify.com/v1/audio-analysis/7maTLYdnHDNsq3bB1tu2nH	0.398	243227	0.709	7maTLYdnHDNsq3bB1tu2nH	0	4	0.142	-4.602	0	0.211	78.089	1	https://api.spotify.com/v1/tracks/7maTLYdnHDNsq3bB1tu2nH	audio_features	spotify:track:7maTLYdnHDNsq3bB1tu2nH	0.714	Be On You	"['Romantic Evening', 'Seduction', 'Sex']"	Non-hit	Love
5def6aa254d79fcf0de3eda1	Paramore	0.00019	https://api.spotify.com/v1/audio-analysis/63L9AjBDN3SOMbJlBkFqiZ	0.417	230440	0.945	63L9AjBDN3SOMbJlBkFqiZ	0.0000863	8	0.2	-3.703	1	0.0805	164.997	4	https://api.spotify.com/v1/tracks/63L9AjBDN3SOMbJlBkFqiZ	audio_features	spotify:track:63L9AjBDN3SOMbJlBkFqiZ	0.607	Careful	"['Breakup', 'Reunion']"	Non-hit	Breakup
5def6aa254d79fcf0de3eda3	OneRepublic With Sara Bareilles	0.935	https://api.spotify.com/v1/audio-analysis/6zGrmt2Ico8vRx8oDemgl6	0.339	258493	0.303	6zGrmt2Ico8vRx8oDemgl6	0.0000739	0	0.128	-9.209	1	0.0286	77.366	4	https://api.spotify.com/v1/tracks/6zGrmt2Ico8vRx8oDemgl6	audio_features	spotify:track:6zGrmt2Ico8vRx8oDemgl6	0.3	Come Home	"['Seduction', 'Sex']"	Non-hit	Love
5def6aa254d79fcf0de3eda4	Taylor Swift	0.0382	https://api.spotify.com/v1/audio-analysis/1q3RiD1tIWUpGsNFADMlvl	0.602	327893	0.609	1q3RiD1tIWUpGsNFADMlvl	0.0002	0	0.127	-7.803	1	0.0243	93.06	4	https://api.spotify.com/v1/tracks/1q3RiD1tIWUpGsNFADMlvl	audio_features	spotify:track:1q3RiD1tIWUpGsNFADMlvl	0.337	All Too Well	"['Breakup', 'Heartache', 'Heartbreak']"	Non-hit	Breakup
5def6aa254d79fcf0de3eda9	Jesse McCartney Featuring T-Pain	0.0625	https://api.spotify.com/v1/audio-analysis/66cQXuWUSM6vcfRxAPVTtf	0.637	221773	0.701	66cQXuWUSM6vcfRxAPVTtf	0	0	0.175	-5.018	1	0.0412	161.476	4	https://api.spotify.com/v1/tracks/66cQXuWUSM6vcfRxAPVTtf	audio_features	spotify:track:66cQXuWUSM6vcfRxAPVTtf	0.466	Body Language	"['Club', 'Partying', 'Seduction', 'TGIF']"	Non-hit	Love
5def6aa254d79fcf0de3edad	Beyonce	0.308	https://api.spotify.com/v1/audio-analysis/3axkNosdVQLZiq1HakuGhc	0.665	212147	0.787	3axkNosdVQLZiq1HakuGhc	0	5	0.219	-5.73	1	0.151	167.349	4	https://api.spotify.com/v1/tracks/3axkNosdVQLZiq1HakuGhc	audio_features	spotify:track:3axkNosdVQLZiq1HakuGhc	0.699	Countdown	"['In Love', 'Passion', 'Playful']"	Non-hit	Love
5def6aa254d79fcf0de3edb5	Reba	0.237	https://api.spotify.com/v1/audio-analysis/3lZ2BjqnF3MhSIqRnEnahr	0.457	180147	0.754	3lZ2BjqnF3MhSIqRnEnahr	0	11	0.159	-4.022	1	0.0494	173.978	4	https://api.spotify.com/v1/tracks/3lZ2BjqnF3MhSIqRnEnahr	audio_features	spotify:track:3lZ2BjqnF3MhSIqRnEnahr	0.391	Strange	"['Breakup', 'Feeling Blue', 'Heartache']"	Non-hit	Breakup
5def6aa254d79fcf0de3edbc	The White Tie Affair	0.00134	https://api.spotify.com/v1/audio-analysis/7L2njnxdaRRvDMNLuP1ZcD	0.557	230707	0.874	7L2njnxdaRRvDMNLuP1ZcD	0	0	0.127	-5.729	1	0.0339	139.002	3	https://api.spotify.com/v1/tracks/7L2njnxdaRRvDMNLuP1ZcD	audio_features	spotify:track:7L2njnxdaRRvDMNLuP1ZcD	0.396	Candle (Sick And Tired)	['Breakup']	Non-hit	Breakup
5def6aa254d79fcf0de3edbe	Madcon	0.0226	https://api.spotify.com/v1/audio-analysis/5SlHTXLWa0nvh8VtGgKlJB	0.731	216520	0.718	5SlHTXLWa0nvh8VtGgKlJB	0	4	0.0518	-7.51	0	0.0672	129.053	4	https://api.spotify.com/v1/tracks/5SlHTXLWa0nvh8VtGgKlJB	audio_features	spotify:track:5SlHTXLWa0nvh8VtGgKlJB	0.428	Beggin'	"['Breakup', 'Heartache', 'Club']"	Non-hit	Breakup
5def6aa254d79fcf0de3edbf	Justin Bieber	0.0631	https://api.spotify.com/v1/audio-analysis/6eDApnV9Jdb1nYahOlbbUh	0.691	215867	0.853	6eDApnV9Jdb1nYahOlbbUh	0.0000713	1	0.082	-2.528	0	0.0372	145.999	4	https://api.spotify.com/v1/tracks/6eDApnV9Jdb1nYahOlbbUh	audio_features	spotify:track:6eDApnV9Jdb1nYahOlbbUh	0.762	One Time	"['Affection/Fondness', 'Hanging Out', 'New Love']"	Hit	Love
5def6aa254d79fcf0de3edc1	Mario	0.00611	https://api.spotify.com/v1/audio-analysis/0IneDe6NkMtTOb5q2SPXfq	0.622	220400	0.593	0IneDe6NkMtTOb5q2SPXfq	0.0000217	8	0.263	-6.779	0	0.0363	75.025	4	https://api.spotify.com/v1/tracks/0IneDe6NkMtTOb5q2SPXfq	audio_features	spotify:track:0IneDe6NkMtTOb5q2SPXfq	0.374	Ooh Baby	"['In Love', 'New Love', 'Romantic Evening', 'Seduction']"	Non-hit	Love
5def6aa254d79fcf0de3edc3	Natasha Bedingfield	0.351	https://api.spotify.com/v1/audio-analysis/2Ykf8tMyWIf9WZNIZlk1UP	0.453	213907	0.602	2Ykf8tMyWIf9WZNIZlk1UP	0	3	0.117	-5.56	0	0.038	169.753	4	https://api.spotify.com/v1/tracks/2Ykf8tMyWIf9WZNIZlk1UP	audio_features	spotify:track:2Ykf8tMyWIf9WZNIZlk1UP	0.349	Soulmate	"['Girls Night Out', 'In Love', 'New Love', 'Slow Dance']"	Non-hit	Love
5def6aa254d79fcf0de3edc4	Jaheim	0.151	https://api.spotify.com/v1/audio-analysis/7nkIQ02m4KItFfDfWrEApi	0.741	200613	0.754	7nkIQ02m4KItFfDfWrEApi	0	10	0.265	-5.899	0	0.247	98.929	4	https://api.spotify.com/v1/tracks/7nkIQ02m4KItFfDfWrEApi	audio_features	spotify:track:7nkIQ02m4KItFfDfWrEApi	0.819	Ain't Leavin Without You	"['In Love', 'Romantic Evening', 'Slow Dance', 'Seduction', 'Sex']"	Non-hit	Love
5def6aa254d79fcf0de3edc8	Rascal Flatts	0.42	https://api.spotify.com/v1/audio-analysis/5YSW99IUAIiAj243jF7PBO	0.431	243787	0.584	5YSW99IUAIiAj243jF7PBO	0	2	0.142	-6.025	1	0.0336	146.176	4	https://api.spotify.com/v1/tracks/5YSW99IUAIiAj243jF7PBO	audio_features	spotify:track:5YSW99IUAIiAj243jF7PBO	0.181	Here	"['Breakup', 'Heartache', 'Regret', 'In Love']"	Non-hit	Love
5def6aa254d79fcf0de3edc9	Lady Gaga	0.00562	https://api.spotify.com/v1/audio-analysis/5c0Wgs68kjgViFCVDGLB2I	0.894	216333	0.677	5c0Wgs68kjgViFCVDGLB2I	0.00000263	6	0.31	-5.618	0	0.0548	105.029	4	https://api.spotify.com/v1/tracks/5c0Wgs68kjgViFCVDGLB2I	audio_features	spotify:track:5c0Wgs68kjgViFCVDGLB2I	0.857	LoveGame	"['Club', 'Girls Night Out', 'Late Night', 'Seduction', 'Sex', 'TGIF']"	Hit	Love
5def6aa254d79fcf0de3edca	The Pussycat Dolls Featuring Nicole Scherzinger	0.0985	https://api.spotify.com/v1/audio-analysis/2H9CKpZiLDF223BbwehpDF	0.613	252093	0.778	2H9CKpZiLDF223BbwehpDF	0	10	0.356	-3.933	0	0.0689	129.483	4	https://api.spotify.com/v1/tracks/2H9CKpZiLDF223BbwehpDF	audio_features	spotify:track:2H9CKpZiLDF223BbwehpDF	0.626	Hush Hush	"['Breakup', 'Club', 'Jealousy', 'Late Night']"	Non-hit	Breakup
5def6aa254d79fcf0de3edcb	Martina McBride	0.0409	https://api.spotify.com/v1/audio-analysis/0Vx5HrgZHaXz03iu6eQP4g	0.419	260387	0.637	0Vx5HrgZHaXz03iu6eQP4g	0	6	0.13	-5.552	1	0.0328	148.134	4	https://api.spotify.com/v1/tracks/0Vx5HrgZHaXz03iu6eQP4g	audio_features	spotify:track:0Vx5HrgZHaXz03iu6eQP4g	0.212	I Just Call You Mine	"['Affection/Fondness', 'In Love', 'New Love']"	Non-hit	Love
5def6aa254d79fcf0de3edcf	Darius Rucker	0.0373	https://api.spotify.com/v1/audio-analysis/1J4HTEFSDx9DWyJVH5uv1b	0.475	209480	0.718	1J4HTEFSDx9DWyJVH5uv1b	0	0	0.326	-5.638	1	0.034	157.722	4	https://api.spotify.com/v1/tracks/1J4HTEFSDx9DWyJVH5uv1b	audio_features	spotify:track:1J4HTEFSDx9DWyJVH5uv1b	0.453	History In The Making	"['Anniversary', 'In Love', 'New Love']"	Non-hit	Love
5def6aa254d79fcf0de3edd2	Whitney Houston	0.054	https://api.spotify.com/v1/audio-analysis/78Liq9m8u6xjuamJIeznTd	0.714	204267	0.747	78Liq9m8u6xjuamJIeznTd	0	11	0.0845	-4.134	0	0.111	119.899	4	https://api.spotify.com/v1/tracks/78Liq9m8u6xjuamJIeznTd	audio_features	spotify:track:78Liq9m8u6xjuamJIeznTd	0.765	Million Dollar Bill	"['Girls Night Out', 'In Love', 'New Love']"	Non-hit	Love
5def6aa254d79fcf0de3edd5	Martina McBride	0.109	https://api.spotify.com/v1/audio-analysis/2FJHCgDZ24gwcRLm5TFpzq	0.556	232547	0.836	2FJHCgDZ24gwcRLm5TFpzq	0	7	0.274	-3.931	1	0.042	116.978	4	https://api.spotify.com/v1/tracks/2FJHCgDZ24gwcRLm5TFpzq	audio_features	spotify:track:2FJHCgDZ24gwcRLm5TFpzq	0.559	Ride	"['Comfort', 'In Love', 'Relaxation']"	Non-hit	Love
5def6aa254d79fcf0de3edd6	Musiq Soulchild	0.0656	https://api.spotify.com/v1/audio-analysis/2PN3gbuBn5WBEwrEJH3xiu	0.689	291133	0.562	2PN3gbuBn5WBEwrEJH3xiu	0	7	0.0885	-7.048	0	0.0637	133.987	4	https://api.spotify.com/v1/tracks/2PN3gbuBn5WBEwrEJH3xiu	audio_features	spotify:track:2PN3gbuBn5WBEwrEJH3xiu	0.21	sobeautiful	['In Love']	Non-hit	Love
5def6aa254d79fcf0de3edd7	Keith Urban	0.457	https://api.spotify.com/v1/audio-analysis/1ddEJFVOCOjNqh19FTQAsX	0.566	247680	0.429	1ddEJFVOCOjNqh19FTQAsX	0.0000338	2	0.173	-9.478	1	0.0286	147.957	4	https://api.spotify.com/v1/tracks/1ddEJFVOCOjNqh19FTQAsX	audio_features	spotify:track:1ddEJFVOCOjNqh19FTQAsX	0.325	Only You Can Love Me This Way	"['Affection/Fondness', 'In Love', 'Reflection']"	Non-hit	Love
5def6aa254d79fcf0de3eddc	Kellie Pickler	0.244	https://api.spotify.com/v1/audio-analysis/3ySlOXQ77aZd5NLu0H0Ddc	0.524	285187	0.791	3ySlOXQ77aZd5NLu0H0Ddc	0	9	0.0981	-4.696	1	0.0396	137.872	4	https://api.spotify.com/v1/tracks/3ySlOXQ77aZd5NLu0H0Ddc	audio_features	spotify:track:3ySlOXQ77aZd5NLu0H0Ddc	0.248	Didn't You Know How Much I Loved You	"['Breakup', 'Heartache', 'Regret']"	Non-hit	Breakup
5def6aa254d79fcf0de3ede4	Ne-Yo	0.522	https://api.spotify.com/v1/audio-analysis/34ceTg8ChN5HjrqiIYCn9Q	0.673	232000	0.683	34ceTg8ChN5HjrqiIYCn9Q	0	1	0.235	-5.693	1	0.115	171.86	4	https://api.spotify.com/v1/tracks/34ceTg8ChN5HjrqiIYCn9Q	audio_features	spotify:track:34ceTg8ChN5HjrqiIYCn9Q	0.713	Miss Independent	"['In Love', 'Romantic Evening', 'Seduction', 'Freedom']"	Hit	Love
5def6aa254d79fcf0de3ede6	Gavin Rossdale	0.236	https://api.spotify.com/v1/audio-analysis/4dOXc4Suk5eig0jiCqCN5Y	0.406	249440	0.632	4dOXc4Suk5eig0jiCqCN5Y	0	4	0.18	-5.115	1	0.0344	149.258	4	https://api.spotify.com/v1/tracks/4dOXc4Suk5eig0jiCqCN5Y	audio_features	spotify:track:4dOXc4Suk5eig0jiCqCN5Y	0.109	Love Remains The Same	"['Affection/Fondness', 'Freedom', 'Reunion', 'In Love', 'New Love']"	Non-hit	Love
5def6aa254d79fcf0de3ede7	George Strait	0.604	https://api.spotify.com/v1/audio-analysis/4GWDHnXmJBZfxe3DWZcPmg	0.474	195147	0.814	4GWDHnXmJBZfxe3DWZcPmg	0.0145	7	0.15	-6.875	1	0.0419	79.216	4	https://api.spotify.com/v1/tracks/4GWDHnXmJBZfxe3DWZcPmg	audio_features	spotify:track:4GWDHnXmJBZfxe3DWZcPmg	0.91	River Of Love	"['Affection/Fondness', 'In Love', 'Picnic', 'Relaxation']"	Non-hit	Love
5def6aa254d79fcf0de3ede9	David Archuleta	0.00836	https://api.spotify.com/v1/audio-analysis/4wCD0qOFNRu1Q6O3N6ycm4	0.57	213520	0.664	4wCD0qOFNRu1Q6O3N6ycm4	0.000012	0	0.0719	-4.718	0	0.0322	162.084	4	https://api.spotify.com/v1/tracks/4wCD0qOFNRu1Q6O3N6ycm4	audio_features	spotify:track:4wCD0qOFNRu1Q6O3N6ycm4	0.487	Crush	"['In Love', 'New Love']"	Non-hit	Love
5def6aa254d79fcf0de3edea	Jonas Brothers	0.000532	https://api.spotify.com/v1/audio-analysis/7xZa00kpFR3r7UqeczbVPE	0.465	209707	0.954	7xZa00kpFR3r7UqeczbVPE	0.0000279	4	0.313	-4.536	1	0.0833	155.899	4	https://api.spotify.com/v1/tracks/7xZa00kpFR3r7UqeczbVPE	audio_features	spotify:track:7xZa00kpFR3r7UqeczbVPE	0.756	Tonight	"['Girls Night Out', 'Introspection', 'New Love', 'Empowering', 'Heartache', 'In Love', 'Reflection']"	Non-hit	Love
5def6aa254d79fcf0de3edeb	Alicia Keys	0.158	https://api.spotify.com/v1/audio-analysis/1yK9LISg5uBOOW5bT2Wm0i	0.496	249013	0.82	1yK9LISg5uBOOW5bT2Wm0i	0.246	5	0.13	-5.155	1	0.112	110.977	5	https://api.spotify.com/v1/tracks/1yK9LISg5uBOOW5bT2Wm0i	audio_features	spotify:track:1yK9LISg5uBOOW5bT2Wm0i	0.549	Try Sleeping With A Broken Heart	"['Breakup', 'Empowering', 'Girls Night Out']"	Hit	Breakup
5def6aa254d79fcf0de3edec	DJ Snake & Lil Jon	0.00501	https://api.spotify.com/v1/audio-analysis/6OM1Nm9IZMWjJ0ACrBFICu	0.728	214065	0.776	6OM1Nm9IZMWjJ0ACrBFICu	0.75	9	0.0893	-4.914	1	0.0454	100.011	4	https://api.spotify.com/v1/tracks/6OM1Nm9IZMWjJ0ACrBFICu	audio_features	spotify:track:6OM1Nm9IZMWjJ0ACrBFICu	0.0375	Turn Down For What	"['Seduction', 'Sex']"	Hit	Love
5def6aa254d79fcf0de3edee	Keri Hilson Featuring Lil Wayne	0.0034	https://api.spotify.com/v1/audio-analysis/1jEtDqwYCKpR0mlrMrrITx	0.675	247800	0.602	1jEtDqwYCKpR0mlrMrrITx	0.0000128	1	0.199	-4.688	1	0.0596	159.994	4	https://api.spotify.com/v1/tracks/1jEtDqwYCKpR0mlrMrrITx	audio_features	spotify:track:1jEtDqwYCKpR0mlrMrrITx	0.092	Turnin Me On	"['Girls Night Out', 'Club', 'Mischievous', 'Playful', 'Seduction', 'Sex']"	Hit	Love
5def6aa254d79fcf0de3edf1	Carrie Underwood	0.11	https://api.spotify.com/v1/audio-analysis/1Fo2N5iXRi37maMboaig7O	0.476	177253	0.84	1Fo2N5iXRi37maMboaig7O	0	2	0.046	-2.259	1	0.058	156.254	4	https://api.spotify.com/v1/tracks/1Fo2N5iXRi37maMboaig7O	audio_features	spotify:track:1Fo2N5iXRi37maMboaig7O	0.648	Undo It	"['Breakup', 'Heartache', 'New Love']"	Hit	Love
5def6aa254d79fcf0de3edf3	Taylor Swift	0.0583	https://api.spotify.com/v1/audio-analysis/2IZ00ed83ygPIiacYScWUE	0.419	311040	0.454	2IZ00ed83ygPIiacYScWUE	0.00000378	5	0.0974	-6.809	1	0.0335	200.017	4	https://api.spotify.com/v1/tracks/2IZ00ed83ygPIiacYScWUE	audio_features	spotify:track:2IZ00ed83ygPIiacYScWUE	0.288	Untouchable	"['Affection/Fondness', 'New Love']"	Non-hit	Love
5def6aa254d79fcf0de3edf5	Mariah Carey Featuring Nicki Minaj	0.0999	https://api.spotify.com/v1/audio-analysis/2TT3V379NnIIjPZyGuiUQy	0.825	221253	0.549	2TT3V379NnIIjPZyGuiUQy	0	7	0.0472	-5.225	0	0.271	73.51	4	https://api.spotify.com/v1/tracks/2TT3V379NnIIjPZyGuiUQy	audio_features	spotify:track:2TT3V379NnIIjPZyGuiUQy	0.797	Up Out My Face	"['D-I-V-O-R-C-E', 'Breakup', 'Girls Night Out']"	Non-hit	Breakup
5def6aa254d79fcf0de3edf7	Kings Of Leon	0.00552	https://api.spotify.com/v1/audio-analysis/5VGlqQANWDKJFl0MBG3sg2	0.276	230760	0.715	5VGlqQANWDKJFl0MBG3sg2	0.000417	0	0.201	-5.356	1	0.0432	137.028	4	https://api.spotify.com/v1/tracks/5VGlqQANWDKJFl0MBG3sg2	audio_features	spotify:track:5VGlqQANWDKJFl0MBG3sg2	0.173	Use Somebody	"['In Love', 'Late Night']"	Hit	Love
5def6aa254d79fcf0de3edf9	Beyonce Featuring Lady Gaga	0.00203	https://api.spotify.com/v1/audio-analysis/2nX9948PslVYrrHUf6w0eL	0.32	304693	0.782	2nX9948PslVYrrHUf6w0eL	0.000851	8	0.39	-7.37	1	0.374	78.05	4	https://api.spotify.com/v1/tracks/2nX9948PslVYrrHUf6w0eL	audio_features	spotify:track:2nX9948PslVYrrHUf6w0eL	0.527	Video Phone	"['Girls Night Out', 'Partying', 'Seduction', 'Sex']"	Non-hit	Love
5def6aa254d79fcf0de3edfc	3OH!3	0.0163	https://api.spotify.com/v1/audio-analysis/5jzX4dWVQeBTtfBaXnMRt5	0.791	192573	0.713	5jzX4dWVQeBTtfBaXnMRt5	0	5	0.189	-3.742	0	0.254	130.012	4	https://api.spotify.com/v1/tracks/5jzX4dWVQeBTtfBaXnMRt5	audio_features	spotify:track:5jzX4dWVQeBTtfBaXnMRt5	0.514	Don't Trust Me	"['Cool & Cocky', 'Mischievous', 'Jealousy', 'Partying', 'Seduction', 'Sex']"	Hit	Love
5def6aa254d79fcf0de3edfd	Prince And The Revolution	0.0353	https://api.spotify.com/v1/audio-analysis/54X78diSLoUDI3joC2bjMz	0.367	520787	0.452	54X78diSLoUDI3joC2bjMz	0.00228	10	0.689	-10.422	1	0.0307	113.066	4	https://api.spotify.com/v1/tracks/54X78diSLoUDI3joC2bjMz	audio_features	spotify:track:54X78diSLoUDI3joC2bjMz	0.189	Purple Rain	"['Night Driving', 'Prom', 'Romance']"	Non-hit	Love
5def6aa254d79fcf0de3edff	Wham! Featuring George Michael	0.00541	https://api.spotify.com/v1/audio-analysis/5apaFCPBsoA06bOqYRIPIw	0.716	299800	0.751	5apaFCPBsoA06bOqYRIPIw	0.772	5	0.0929	-11.835	1	0.0451	133.076	4	https://api.spotify.com/v1/tracks/5apaFCPBsoA06bOqYRIPIw	audio_features	spotify:track:5apaFCPBsoA06bOqYRIPIw	0.681	Careless Whisper	"['Feeling Blue', 'Heartache', 'In Love', 'Late Night', 'Romantic Evening', 'Seduction', 'Sex', 'Slow Dance']"	Non-hit	Love
5def6aa254d79fcf0de3ee00	Leona Lewis	0.512	https://api.spotify.com/v1/audio-analysis/2iXBZ32Fz5VDCLeE0JIdX5	0.584	234173	0.7	2iXBZ32Fz5VDCLeE0JIdX5	0.0000243	6	0.13	-4.251	1	0.0506	163.953	4	https://api.spotify.com/v1/tracks/2iXBZ32Fz5VDCLeE0JIdX5	audio_features	spotify:track:2iXBZ32Fz5VDCLeE0JIdX5	0.549	Better In Time	"['In Love', 'Empowering', 'Girls Night Out']"	Non-hit	Love
5def6aa254d79fcf0de3ee01	Adele	0.312	https://api.spotify.com/v1/audio-analysis/71WAtDcWVYMoCsblD2uQXx	0.621	210507	0.473	71WAtDcWVYMoCsblD2uQXx	0	5	0.11	-6.07	0	0.0251	80.027	4	https://api.spotify.com/v1/tracks/71WAtDcWVYMoCsblD2uQXx	audio_features	spotify:track:71WAtDcWVYMoCsblD2uQXx	0.325	Chasing Pavements	"['Introspection', 'Reflection', 'Solitude', 'In Love', 'Motivation']"	Non-hit	Love
5def6aa254d79fcf0de3ee03	Brenda Lee	0.614	https://api.spotify.com/v1/audio-analysis/2EjXfH91m7f8HiJN1yQg97	0.589	126267	0.472	2EjXfH91m7f8HiJN1yQg97	0	8	0.505	-8.749	1	0.0502	67.196	4	https://api.spotify.com/v1/tracks/2EjXfH91m7f8HiJN1yQg97	audio_features	spotify:track:2EjXfH91m7f8HiJN1yQg97	0.898	Rockin' Around The Christmas Tree	"['Christmas Party', 'Holidays', 'Family Gatherings', 'Celebration', 'Relaxation', 'Winter', 'Small Gathering', 'Seduction']"	Non-hit	Love
5def6aa254d79fcf0de3ee04	Prince	0.137	https://api.spotify.com/v1/audio-analysis/2H7PHVdQ3mXqEHXcvclTB0	0.866	379267	0.73	2H7PHVdQ3mXqEHXcvclTB0	0	5	0.0843	-8.201	1	0.0767	118.523	4	https://api.spotify.com/v1/tracks/2H7PHVdQ3mXqEHXcvclTB0	audio_features	spotify:track:2H7PHVdQ3mXqEHXcvclTB0	0.625	1999	"['Club', 'Cool & Cocky', 'Empowering', 'Freedom', 'Late Night', 'Maverick', 'Partying', 'Sex']"	Non-hit	Love
5def6aa254d79fcf0de3ee07	Paramore	0.144	https://api.spotify.com/v1/audio-analysis/7JIuqL4ZqkpfGKQhYlrirs	0.452	267653	0.563	7JIuqL4ZqkpfGKQhYlrirs	0	4	0.143	-6.607	1	0.0272	137.715	3	https://api.spotify.com/v1/tracks/7JIuqL4ZqkpfGKQhYlrirs	audio_features	spotify:track:7JIuqL4ZqkpfGKQhYlrirs	0.209	The Only Exception	['In Love']	Hit	Love
5def6aa254d79fcf0de3ee0a	Miranda Lambert	0.0499	https://api.spotify.com/v1/audio-analysis/08NPIspzvBNj88lHalgA4V	0.35	287760	0.777	08NPIspzvBNj88lHalgA4V	0.000742	10	0.413	-4.33	1	0.0336	185.04	4	https://api.spotify.com/v1/tracks/08NPIspzvBNj88lHalgA4V	audio_features	spotify:track:08NPIspzvBNj88lHalgA4V	0.419	White Liar	"['Breakup', 'Girls Night Out']"	Non-hit	Breakup
5def6aa254d79fcf0de3ee0f	David Guetta Featuring Usher	0.227	https://api.spotify.com/v1/audio-analysis/1tAutlhI9FwnKn7fVgmd5P	0.608	208133	0.614	1tAutlhI9FwnKn7fVgmd5P	0.00000406	2	0.157	-3.727	1	0.0285	127.884	4	https://api.spotify.com/v1/tracks/1tAutlhI9FwnKn7fVgmd5P	audio_features	spotify:track:1tAutlhI9FwnKn7fVgmd5P	0.402	Without You	"['Feeling Blue', 'Happiness', 'In Love']"	Hit	Love
5def6aa254d79fcf0de3ee10	Hinder	0.0292	https://api.spotify.com/v1/audio-analysis/4xNfsvj9mOVnMTvHZZ8HNk	0.41	232267	0.816	4xNfsvj9mOVnMTvHZZ8HNk	0.0000201	3	0.129	-3.83	1	0.0333	136.014	4	https://api.spotify.com/v1/tracks/4xNfsvj9mOVnMTvHZZ8HNk	audio_features	spotify:track:4xNfsvj9mOVnMTvHZZ8HNk	0.288	Without You	"['Breakup', 'Heartache', 'In Love', 'Introspection', 'Reflection', 'Regret', 'Freedom']"	Non-hit	Love
5def6aa254d79fcf0de3ee11	Britney Spears	0.073	https://api.spotify.com/v1/audio-analysis/4fixebDZAVToLbUCuEloa2	0.724	224400	0.695	4fixebDZAVToLbUCuEloa2	0	11	0.0889	-5.226	1	0.0622	139	4	https://api.spotify.com/v1/tracks/4fixebDZAVToLbUCuEloa2	audio_features	spotify:track:4fixebDZAVToLbUCuEloa2	0.235	Womanizer	"['Freedom', 'Girls Night Out', 'Partying', 'Breakup', 'Sex']"	Hit	Love
5def6aa254d79fcf0de3ee14	Martina McBride	0.0596	https://api.spotify.com/v1/audio-analysis/0F9BbXn7zjDkM6SRJvkBOd	0.572	221667	0.673	0F9BbXn7zjDkM6SRJvkBOd	0	6	0.0887	-5.565	1	0.042	106.024	4	https://api.spotify.com/v1/tracks/0F9BbXn7zjDkM6SRJvkBOd	audio_features	spotify:track:0F9BbXn7zjDkM6SRJvkBOd	0.573	Wrong Baby Wrong	"['Breakup', 'Freedom', 'Girls Night Out']"	Non-hit	Breakup
5def6aa254d79fcf0de3ee15	Beyonce	0.171	https://api.spotify.com/v1/audio-analysis/40xhyfAPDoMtv494MfPevP	0.47	215947	0.792	40xhyfAPDoMtv494MfPevP	0.00000128	0	0.313	-8.932	1	0.26	170.085	4	https://api.spotify.com/v1/tracks/40xhyfAPDoMtv494MfPevP	audio_features	spotify:track:40xhyfAPDoMtv494MfPevP	0.214	XO	"['In Love', 'Playful', 'Romance']"	Non-hit	Love
5def6aa254d79fcf0de3ee1a	Daughtry	0.107	https://api.spotify.com/v1/audio-analysis/35SuLFF1dk9nBgjE2HzTzp	0.387	251627	0.862	35SuLFF1dk9nBgjE2HzTzp	0	9	0.103	-2.219	0	0.0457	161.984	4	https://api.spotify.com/v1/tracks/35SuLFF1dk9nBgjE2HzTzp	audio_features	spotify:track:35SuLFF1dk9nBgjE2HzTzp	0.337	What About Now	"['Breakup', 'Empowering', 'Hanging Out', 'Heartache', 'Loss/Grief', 'Reflection', 'Regret']"	Non-hit	Breakup
5def6aa254d79fcf0de3ee1c	Russ	0.484	https://api.spotify.com/v1/audio-analysis/3pndPhlQWjuSoXhcIIdBjv	0.71	165853	0.404	3pndPhlQWjuSoXhcIIdBjv	0	1	0.0953	-10.04	0	0.379	139.553	4	https://api.spotify.com/v1/tracks/3pndPhlQWjuSoXhcIIdBjv	audio_features	spotify:track:3pndPhlQWjuSoXhcIIdBjv	0.398	What They Want	"['Happiness', 'Mischievous', 'Sex']"	Non-hit	Love
5def6aa254d79fcf0de3ee22	David Guetta Featuring Kelly Rowland	0.0157	https://api.spotify.com/v1/audio-analysis/77FULy278MulVvGWS8BfK7	0.674	191000	0.862	77FULy278MulVvGWS8BfK7	0.000427	11	0.169	-4.614	1	0.0253	129.965	4	https://api.spotify.com/v1/tracks/77FULy278MulVvGWS8BfK7	audio_features	spotify:track:77FULy278MulVvGWS8BfK7	0.5	When Love Takes Over	"['Club', 'Day Driving', 'Exercise/Workout', 'In Love', 'New Love']"	Non-hit	Love
5def6aa254d79fcf0de3ee23	Jason Aldean	0.234	https://api.spotify.com/v1/audio-analysis/25rV6ArwFMht49oONoqSLQ	0.496	238413	0.577	25rV6ArwFMht49oONoqSLQ	0.0000024	9	0.109	-5.305	1	0.0257	143.014	4	https://api.spotify.com/v1/tracks/25rV6ArwFMht49oONoqSLQ	audio_features	spotify:track:25rV6ArwFMht49oONoqSLQ	0.381	The Truth	['Breakup']	Non-hit	Breakup
5def6aa254d79fcf0de3ee25	Usher	0.175	https://api.spotify.com/v1/audio-analysis/6IUiqtI8tE49sqGbmtrNd8	0.626	281293	0.52	6IUiqtI8tE49sqGbmtrNd8	0	9	0.13	-8.077	0	0.0892	77.468	4	https://api.spotify.com/v1/tracks/6IUiqtI8tE49sqGbmtrNd8	audio_features	spotify:track:6IUiqtI8tE49sqGbmtrNd8	0.257	There Goes My Baby	"['In Love', 'Seduction']"	Hit	Love
5def6aa254d79fcf0de3ee27	Chris Young Duet With Cassadee Pope	0.811	https://api.spotify.com/v1/audio-analysis/1MwhjvmxOhPTgs4BuHFP8t	0.632	46253	0.323	1MwhjvmxOhPTgs4BuHFP8t	0	10	0.102	-14.042	0	0.951	171.053	4	https://api.spotify.com/v1/tracks/1MwhjvmxOhPTgs4BuHFP8t	audio_features	spotify:track:1MwhjvmxOhPTgs4BuHFP8t	0.769	Think Of You	"['Girls Night Out', 'Comfort', 'Day Driving', 'Exercise/Workout', 'In Love', 'New Love', 'Summer']"	Non-hit	Love
5def6aa254d79fcf0de3ee2b	Adam Lambert	0.00532	https://api.spotify.com/v1/audio-analysis/4Czm9ZRnUzQJZn9y5QYwxf	0.26	282813	0.7	4Czm9ZRnUzQJZn9y5QYwxf	0	2	0.357	-3.58	1	0.0312	147.872	4	https://api.spotify.com/v1/tracks/4Czm9ZRnUzQJZn9y5QYwxf	audio_features	spotify:track:4Czm9ZRnUzQJZn9y5QYwxf	0.202	Time For Miracles	"['In Love', 'Reflection']"	Non-hit	Love
5def6aa254d79fcf0de3ee2c	Taylor Swift	0.0284	https://api.spotify.com/v1/audio-analysis/1P5QpwOgXJuoVTm3CWbnLY	0.485	241813	0.717	1P5QpwOgXJuoVTm3CWbnLY	0.00000563	7	0.14	-4.54	1	0.0321	158.047	4	https://api.spotify.com/v1/tracks/1P5QpwOgXJuoVTm3CWbnLY	audio_features	spotify:track:1P5QpwOgXJuoVTm3CWbnLY	0.356	Today Was A Fairytale	"['In Love', 'New Love']"	Hit	Love
5def6aa254d79fcf0de3ee2f	Britney Spears	0.0192	https://api.spotify.com/v1/audio-analysis/2hdy9Wt9qp7M7d0U3ossu2	0.717	216520	0.587	2hdy9Wt9qp7M7d0U3ossu2	0	4	0.0523	-7.296	0	0.0339	129.954	4	https://api.spotify.com/v1/tracks/2hdy9Wt9qp7M7d0U3ossu2	audio_features	spotify:track:2hdy9Wt9qp7M7d0U3ossu2	0.544	If U Seek Amy	"['Freedom', 'Girls Night Out', 'Partying', 'Breakup', 'Sex']"	Hit	Love
5def6aa254d79fcf0de3ee33	David Cook	0.0794	https://api.spotify.com/v1/audio-analysis/7zmqbdEqmQWgU2wOoBPG83	0.446	228827	0.834	7zmqbdEqmQWgU2wOoBPG83	0	9	0.114	-4.014	0	0.0341	132.034	4	https://api.spotify.com/v1/tracks/7zmqbdEqmQWgU2wOoBPG83	audio_features	spotify:track:7zmqbdEqmQWgU2wOoBPG83	0.363	Light On	"['Breakup', 'Feeling Blue']"	Non-hit	Breakup
5def6aa254d79fcf0de3ee34	Jonas Brothers	0.126	https://api.spotify.com/v1/audio-analysis/3F8xLc6T4VvKH7I6wqVAN2	0.597	220693	0.499	3F8xLc6T4VvKH7I6wqVAN2	0	4	0.214	-6.216	1	0.0581	79.071	4	https://api.spotify.com/v1/tracks/3F8xLc6T4VvKH7I6wqVAN2	audio_features	spotify:track:3F8xLc6T4VvKH7I6wqVAN2	0.521	Lovebug	"['Girls Night Out', 'Affection/Fondness', 'Heartache', 'In Love', 'Introspection', 'New Love', 'Reflection']"	Non-hit	Love
5def6aa254d79fcf0de3ee36	Whitney Houston	0.207	https://api.spotify.com/v1/audio-analysis/2tUBqZG2AbRi7Q0BIrVrEj	0.709	291293	0.824	2tUBqZG2AbRi7Q0BIrVrEj	0.000307	1	0.0888	-8.824	1	0.0453	118.814	4	https://api.spotify.com/v1/tracks/2tUBqZG2AbRi7Q0BIrVrEj	audio_features	spotify:track:2tUBqZG2AbRi7Q0BIrVrEj	0.867	I Wanna Dance With Somebody (Who Loves Me)	"['New Love', 'In Love', 'Girls Night Out', 'Club', 'Partying', 'TGIF']"	Non-hit	Love
5def6aa254d79fcf0de3ee37	Whitney Houston	0.484	https://api.spotify.com/v1/audio-analysis/6yJxCltgtmGxIgKOS6ndnu	0.502	291400	0.305	6yJxCltgtmGxIgKOS6ndnu	0.00000355	9	0.117	-16.011	1	0.0339	131.242	4	https://api.spotify.com/v1/tracks/6yJxCltgtmGxIgKOS6ndnu	audio_features	spotify:track:6yJxCltgtmGxIgKOS6ndnu	0.248	Greatest Love Of All	"['Birth', 'New Love', 'Affection/Fondness', 'In Love', 'Empowering', 'Motivation', 'Sunday Afternoon']"	Non-hit	Love
5def6aa254d79fcf0de3ee3c	Whitney Houston	0.201	https://api.spotify.com/v1/audio-analysis/5tdKaKLnC4SgtDZ6RlWeal	0.832	275533	0.544	5tdKaKLnC4SgtDZ6RlWeal	0.000139	6	0.632	-12.697	1	0.0442	119.49	4	https://api.spotify.com/v1/tracks/5tdKaKLnC4SgtDZ6RlWeal	audio_features	spotify:track:5tdKaKLnC4SgtDZ6RlWeal	0.928	How Will I Know	"['New Love', 'In Love', 'Girls Night Out', 'Partying', 'TGIF']"	Non-hit	Love
5def6aa254d79fcf0de3ee3d	Whitney Houston	0.844	https://api.spotify.com/v1/audio-analysis/4eHbdreAnSOrDDsFfc4Fpm	0.306	271093	0.214	4eHbdreAnSOrDDsFfc4Fpm	0.0000053	4	0.0839	-12.518	1	0.0356	66.98	4	https://api.spotify.com/v1/tracks/4eHbdreAnSOrDDsFfc4Fpm	audio_features	spotify:track:4eHbdreAnSOrDDsFfc4Fpm	0.108	I Will Always Love You	"['New Love', 'Affection/Fondness', 'In Love', 'Romantic Evening', 'Seduction', 'Slow Dance', 'Breakup']"	Non-hit	Breakup
5def6aa254d79fcf0de3ee3f	Beyonce	0.0673	https://api.spotify.com/v1/audio-analysis/6fmeXejj4CNkAQ78yao7oE	0.865	205813	0.829	6fmeXejj4CNkAQ78yao7oE	0	0	0.253	-6.981	0	0.315	96.511	4	https://api.spotify.com/v1/tracks/6fmeXejj4CNkAQ78yao7oE	audio_features	spotify:track:6fmeXejj4CNkAQ78yao7oE	0.651	Get Me Bodied	"['Club', 'Girls Night Out', 'Mischievous', 'Partying', 'Seduction', 'TGIF']"	Non-hit	Love
5def6aa254d79fcf0de3ee41	Rihanna	0.0863	https://api.spotify.com/v1/audio-analysis/2VOomzT6VavJOGBeySqaMc	0.707	238627	0.813	2VOomzT6VavJOGBeySqaMc	0	11	0.168	-4.515	0	0.0571	124.921	4	https://api.spotify.com/v1/tracks/2VOomzT6VavJOGBeySqaMc	audio_features	spotify:track:2VOomzT6VavJOGBeySqaMc	0.722	Disturbia	"['Club', 'Girls Night Out', 'Introspection', 'Late Night', 'Partying', 'Sex']"	Hit	Love
5def6aa254d79fcf0de3ee42	Saving Abel	0.000821	https://api.spotify.com/v1/audio-analysis/3pxCXv0NACYfYnLjFcQW5D	0.512	222827	0.865	3pxCXv0NACYfYnLjFcQW5D	0	7	0.0982	-4.146	1	0.0338	138.017	4	https://api.spotify.com/v1/tracks/3pxCXv0NACYfYnLjFcQW5D	audio_features	spotify:track:3pxCXv0NACYfYnLjFcQW5D	0.529	Addicted	"['Cool & Cocky', 'Hanging Out', 'Partying', 'Guys Night Out', 'In Love', 'Sex']"	Non-hit	Love
5def6aa254d79fcf0de3ee43	Ne-Yo	0.028	https://api.spotify.com/v1/audio-analysis/2XbfY2O2v3xwedUJ0J2kkr	0.711	234360	0.753	2XbfY2O2v3xwedUJ0J2kkr	0.0000296	4	0.152	-6.461	0	0.0766	126.051	4	https://api.spotify.com/v1/tracks/2XbfY2O2v3xwedUJ0J2kkr	audio_features	spotify:track:2XbfY2O2v3xwedUJ0J2kkr	0.588	Closer	"['Club', 'Late Night', 'Partying', 'Seduction', 'In Love', 'Sex']"	Non-hit	Love
5def6aa254d79fcf0de3ee45	Taylor Swift	0.707	https://api.spotify.com/v1/audio-analysis/4A2LfnduSTsE8u0ecYROxE	0.474	267107	0.48	4A2LfnduSTsE8u0ecYROxE	0.000108	2	0.0903	-8.894	1	0.0622	170.109	4	https://api.spotify.com/v1/tracks/4A2LfnduSTsE8u0ecYROxE	audio_features	spotify:track:4A2LfnduSTsE8u0ecYROxE	0.319	You Are In Love	['In Love']	Non-hit	Love
5def6aa254d79fcf0de3ee46	Taylor Swift	0.162	https://api.spotify.com/v1/audio-analysis/3GCL1PydwsLodcpv0Ll1ch	0.687	231133	0.783	3GCL1PydwsLodcpv0Ll1ch	0.0000135	6	0.114	-4.44	1	0.0386	129.964	4	https://api.spotify.com/v1/tracks/3GCL1PydwsLodcpv0Ll1ch	audio_features	spotify:track:3GCL1PydwsLodcpv0Ll1ch	0.443	You Belong With Me	"['In Love', 'Motivation', 'New Love', 'Victory']"	Hit	Love
5def6aa254d79fcf0de3ee47	Keyshia Cole	0.578	https://api.spotify.com/v1/audio-analysis/5T0LcVM6SwLX95hLedcseh	0.681	230920	0.666	5T0LcVM6SwLX95hLedcseh	0	2	0.26	-4.984	0	0.0491	111.401	4	https://api.spotify.com/v1/tracks/5T0LcVM6SwLX95hLedcseh	audio_features	spotify:track:5T0LcVM6SwLX95hLedcseh	0.732	You Complete Me	"['In Love', 'Romantic Evening']"	Non-hit	Love
5def6aa254d79fcf0de3ee48	Daughtry	0.0162	https://api.spotify.com/v1/audio-analysis/2dqi8gJUty40NPSfc68Ngr	0.42	239973	0.872	2dqi8gJUty40NPSfc68Ngr	0	1	0.0919	-3.712	0	0.0406	166.119	4	https://api.spotify.com/v1/tracks/2dqi8gJUty40NPSfc68Ngr	audio_features	spotify:track:2dqi8gJUty40NPSfc68Ngr	0.312	You Don't Belong	"['Breakup', 'Heartache', 'Reflection', 'Regret']"	Non-hit	Breakup
5def6aa254d79fcf0de3ee49	The Fray	0.0187	https://api.spotify.com/v1/audio-analysis/4IoYz8XqqdowINzfRrFnhi	0.338	241853	0.803	4IoYz8XqqdowINzfRrFnhi	0	8	0.136	-5.412	0	0.0413	151.994	4	https://api.spotify.com/v1/tracks/4IoYz8XqqdowINzfRrFnhi	audio_features	spotify:track:4IoYz8XqqdowINzfRrFnhi	0.4	You Found Me	"['Comfort', 'Introspection', 'In Love', 'Reflection', 'Reminiscing']"	Hit	Love
5def6aa254d79fcf0de3ee4c	Chris Young	0.316	https://api.spotify.com/v1/audio-analysis/3VCWhe7AtBrkhour9t6dq6	0.708	164520	0.708	3VCWhe7AtBrkhour9t6dq6	0	6	0.361	-5.12	0	0.0266	95.031	4	https://api.spotify.com/v1/tracks/3VCWhe7AtBrkhour9t6dq6	audio_features	spotify:track:3VCWhe7AtBrkhour9t6dq6	0.667	You	"['Dinner Ambiance', 'In Love', 'Relaxation', 'Romantic Evening']"	Non-hit	Love