,Performer,Song,Tag,Type
0,Justin Timberlake,Can't Stop The Feeling!,Celebration,Hits
1,Justin Timberlake,Can't Stop The Feeling!,Cool & Cocky,Hits
2,Justin Timberlake,Can't Stop The Feeling!,Dance Party,Hits
3,Miley Cyrus,Party In The U.S.A.,Celebration,Hits
4,Miley Cyrus,Party In The U.S.A.,Freedom,Hits
5,Miley Cyrus,Party In The U.S.A.,Girls Night Out,Hits
6,Miley Cyrus,Party In The U.S.A.,Hanging Out,Hits
7,Miley Cyrus,Party In The U.S.A.,Partying,Hits
8,Bruno Mars,24K Magic,Cool & Cocky,Hits
9,Bruno Mars,24K Magic,Girls Night Out,Hits
10,Bruno Mars,24K Magic,Guys Night Out,Hits
11,Lady Gaga,Bad Romance,Club,Hits
12,Lady Gaga,Bad Romance,Heartache,Hits
13,Lady Gaga,Bad Romance,In Love,Hits
14,Lady Gaga,Bad Romance,Girls Night Out,Hits
15,Lady Gaga,Bad Romance,Partying,Hits
16,B.o.B Featuring Hayley Williams,Airplanes,Rainy Day,Hits
17,B.o.B Featuring Hayley Williams,Airplanes,Reflection,Hits
18,B.o.B Featuring Hayley Williams,Airplanes,Feeling Blue,Hits
19,B.o.B Featuring Hayley Williams,Airplanes,Solitude,Hits
20,Luke Bryan,That's My Kind Of Night,Cool & Cocky,Hits
21,Luke Bryan,That's My Kind Of Night,Guys Night Out,Hits
22,Luke Bryan,That's My Kind Of Night,TGIF,Hits
23,5 Seconds Of Summer,Amnesia,Heartache,Hits
24,Sam Hunt,Leave The Night On,Hanging Out,Hits
25,Sam Hunt,Leave The Night On,New Love,Hits
26,Sam Hunt,Leave The Night On,Partying,Hits
27,Marshmello & Anne-Marie,Friends,Girls Night Out,Hits
28,Marshmello & Anne-Marie,Friends,Hanging Out,Hits
29,Marshmello & Anne-Marie,Friends,Mischievous,Hits
30,Jesse McCartney Featuring Ludacris,How Do You Sleep?,Girls Night Out,Hits
31,Jesse McCartney Featuring Ludacris,How Do You Sleep?,Club,Hits
32,Jesse McCartney Featuring Ludacris,How Do You Sleep?,Heartache,Hits
33,Jesse McCartney Featuring Ludacris,How Do You Sleep?,In Love,Hits
34,Jesse McCartney Featuring Ludacris,How Do You Sleep?,Summer,Hits
35,Fall Out Boy,My Songs Know What You Did In The Dark (Light Em Up),Anger/Hostility,Hits
36,Fall Out Boy,My Songs Know What You Did In The Dark (Light Em Up),Exercise/Workout,Hits
37,Fall Out Boy,My Songs Know What You Did In The Dark (Light Em Up),Partying,Hits
38,Taylor Swift,Delicate,In Love,Hits
39,Taylor Swift,Delicate,New Love,Hits
40,Beyonce,7/11,Cool & Cocky,Hits
41,Beyonce,7/11,Drinking,Hits
42,Beyonce,7/11,Exercise/Workout,Hits
43,Nicki Minaj,Anaconda,Cool & Cocky,Hits
44,Nicki Minaj,Anaconda,Girls Night Out,Hits
45,Nicki Minaj,Anaconda,Sex,Hits
46,Jay Sean Featuring Sean Paul & Lil Jon,Do You Remember,Late Night,Hits
47,Jay Sean Featuring Sean Paul & Lil Jon,Do You Remember,Seduction,Hits
48,Jay Sean Featuring Sean Paul & Lil Jon,Do You Remember,Club,Hits
49,Jay Sean Featuring Sean Paul & Lil Jon,Do You Remember,Hanging Out,Hits
50,Jay Sean Featuring Sean Paul & Lil Jon,Do You Remember,Girls Night Out,Hits
51,Lady Gaga Featuring Beyonce,Telephone,Celebration,Hits
52,Lady Gaga Featuring Beyonce,Telephone,Club,Hits
53,Lady Gaga Featuring Beyonce,Telephone,Freedom,Hits
54,Lady Gaga Featuring Beyonce,Telephone,Partying,Hits
55,Lady Gaga Featuring Beyonce,Telephone,TGIF,Hits
56,Jason Derulo,Ridin' Solo,Breakup,Hits
57,Jason Derulo,Ridin' Solo,Cool & Cocky,Hits
58,Jason Derulo,Ridin' Solo,Freedom,Hits
59,Shakira,She Wolf,Club,Hits
60,Shakira,She Wolf,Girls Night Out,Hits
61,Shakira,She Wolf,Partying,Hits
62,Shakira,She Wolf,Seduction,Hits
63,Shakira,She Wolf,Sex,Hits
64,Shakira,She Wolf,TGIF,Hits
65,Drake,Over,Celebration,Hits
66,Drake,Over,Cool & Cocky,Hits
67,Drake,Over,Freedom,Hits
68,Drake,Over,Partying,Hits
69,Drake,Over,Guys Night Out,Hits
70,Demi Lovato,Cool For The Summer,Pool Party,Hits
71,The Black Eyed Peas,Rock That Body,Partying,Hits
72,The Black Eyed Peas,Rock That Body,TGIF,Hits
73,The Black Eyed Peas,Rock That Body,Club,Hits
74,The Black Eyed Peas,Rock That Body,Girls Night Out,Hits
75,The Black Eyed Peas,Rock That Body,Sex,Hits
76,Lady Gaga,Poker Face,Club,Hits
77,Lady Gaga,Poker Face,Girls Night Out,Hits
78,Lady Gaga,Poker Face,Late Night,Hits
79,Lady Gaga,Poker Face,Seduction,Hits
80,Lady Gaga,Poker Face,Sex,Hits
81,Lady Gaga,Poker Face,TGIF,Hits
82,Michael Jackson & Justin Timberlake,Love Never Felt So Good,Affection/Fondness,Hits
83,Michael Jackson & Justin Timberlake,Love Never Felt So Good,In Love,Hits
84,Michael Jackson & Justin Timberlake,Love Never Felt So Good,Passion,Hits
85,Boys Like Girls,Love Drunk,Day Driving,Hits
86,Boys Like Girls,Love Drunk,Summer,Hits
87,Boys Like Girls,Love Drunk,Breakup,Hits
88,Boys Like Girls,Love Drunk,Hanging Out,Hits
89,Boys Like Girls,Love Drunk,Heartache,Hits
90,Rob Thomas,Her Diamonds,Guys Night Out,Hits
91,Rob Thomas,Her Diamonds,Late Night,Hits
92,Rob Thomas,Her Diamonds,New Love,Hits
93,Rob Thomas,Her Diamonds,Reflection,Hits
94,Eminem,Not Afraid,Empowering,Hits
95,Eminem,Not Afraid,Motivation,Hits
96,Eminem,Not Afraid,Victory,Hits
97,"DJ Khaled Featuring Justin Bieber, Quavo, Chance The Rapper & Lil Wayne",I'm The One,Pain,Hits
98,"DJ Khaled Featuring Justin Bieber, Quavo, Chance The Rapper & Lil Wayne",I'm The One,Regret,Hits
99,"DJ Khaled Featuring Justin Bieber, Quavo, Chance The Rapper & Lil Wayne",I'm The One,Tragedy,Hits
100,The Black Eyed Peas,I Gotta Feeling,Partying,Hits
101,The Black Eyed Peas,I Gotta Feeling,TGIF,Hits
102,The Black Eyed Peas,I Gotta Feeling,Club,Hits
103,The Black Eyed Peas,I Gotta Feeling,Girls Night Out,Hits
104,The Black Eyed Peas,I Gotta Feeling,Sex,Hits
105,Linkin Park,New Divide,Empowering,Hits
106,Linkin Park,New Divide,Introspection,Hits
107,Linkin Park,New Divide,Reflection,Hits
108,Lady Antebellum,Just A Kiss,In Love,Hits
109,Lady Antebellum,Just A Kiss,New Love,Hits
110,Lady Antebellum,Just A Kiss,Slow Dance,Hits
111,"Drake Featuring Kanye West, Lil Wayne & Eminem",Forever,Cool & Cocky,Hits
112,"Drake Featuring Kanye West, Lil Wayne & Eminem",Forever,Guys Night Out,Hits
113,"Drake Featuring Kanye West, Lil Wayne & Eminem",Forever,Hanging Out,Hits
114,"Drake Featuring Kanye West, Lil Wayne & Eminem",Forever,Victory,Hits
115,Imagine Dragons,Believer,Pain,Hits
116,Taylor Swift,22,Girls Night Out,Hits
117,Taio Cruz Featuring Ludacris,Break Your Heart,Day Driving,Hits
118,Taio Cruz Featuring Ludacris,Break Your Heart,Seduction,Hits
119,Taio Cruz Featuring Ludacris,Break Your Heart,Breakup,Hits
120,Taio Cruz Featuring Ludacris,Break Your Heart,Heartache,Hits
121,Taio Cruz Featuring Ludacris,Break Your Heart,Heartbreak,Hits
122,Kelly Clarkson,Catch My Breath,Healing/Comfort,Hits
123,Kelly Clarkson,Catch My Breath,Hope,Hits
124,Kelly Clarkson,Catch My Breath,Late Night,Hits
125,Green Day,21 Guns,Feeling Blue,Hits
126,Green Day,21 Guns,Heartache,Hits
127,Green Day,21 Guns,Reflection,Hits
128,Green Day,21 Guns,Cool & Cocky,Hits
129,Green Day,21 Guns,Empowering,Hits
130,Green Day,21 Guns,Freedom,Hits
131,Green Day,21 Guns,Hanging Out,Hits
132,Rihanna Featuring Mikky Ekko,Stay,Heartache,Hits
133,Rihanna Featuring Mikky Ekko,Stay,Loss/Grief,Hits
134,Rihanna Featuring Mikky Ekko,Stay,Pain,Hits
135,OneRepublic,All The Right Moves,Freedom,Hits
136,OneRepublic,All The Right Moves,Motivation,Hits
137,OneRepublic,All The Right Moves,Victory,Hits
138,Beyonce,Best Thing I Never Had,New Love,Hits
139,Beyonce,Best Thing I Never Had,Reflection,Hits
140,Beyonce,Best Thing I Never Had,Wedding,Hits
141,Luis Fonsi & Daddy Yankee Featuring Justin Bieber,Despacito,In Love,Hits
142,Luis Fonsi & Daddy Yankee Featuring Justin Bieber,Despacito,Passion,Hits
143,Luis Fonsi & Daddy Yankee Featuring Justin Bieber,Despacito,Seduction,Hits
144,Maxwell,Pretty Wings,Heartache,Hits
145,Maxwell,Pretty Wings,Introspection,Hits
146,Maxwell,Pretty Wings,Regret,Hits
147,Maxwell,Pretty Wings,Romantic Evening,Hits
148,Maxwell,Pretty Wings,Comfort,Hits
149,Maxwell,Pretty Wings,Feeling Blue,Hits
150,Maxwell,Pretty Wings,Late Night,Hits
151,Maxwell,Pretty Wings,Breakup,Hits
152,Daughtry,No Surprise,Empowering,Hits
153,Daughtry,No Surprise,Hanging Out,Hits
154,Daughtry,No Surprise,Regret,Hits
155,Jerrod Niemann,"Lover, Lover",Breakup,Hits
156,Jerrod Niemann,"Lover, Lover",Freedom,Hits
157,Jerrod Niemann,"Lover, Lover",Heartache,Hits
158,The Fray,Never Say Never,Comfort,Hits
159,The Fray,Never Say Never,Introspection,Hits
160,The Fray,Never Say Never,Solitude,Hits
161,The Fray,Never Say Never,Feeling Blue,Hits
162,The Fray,Never Say Never,Heartache,Hits
163,The Fray,Never Say Never,Rainy Day,Hits
164,The Fray,Never Say Never,Reflection,Hits
165,Train,"Hey, Soul Sister",Hanging Out,Hits
166,Train,"Hey, Soul Sister",In Love,Hits
167,Train,"Hey, Soul Sister",Relaxation,Hits
168,Lady Antebellum,I Run To You,In Love,Hits
169,Portugal. The Man,Feel It Still,Politics/Society,Hits
170,Portugal. The Man,Feel It Still,Revolutionary,Hits
171,Beyonce,Halo,Comfort,Hits
172,Beyonce,Halo,Introspection,Hits
173,Beyonce,Halo,Reflection,Hits
174,Beyonce,Halo,Feeling Blue,Hits
175,Beyonce,Halo,Heartache,Hits
176,Beyonce,Halo,Solitude,Hits
177,Beyonce,Halo,In Love,Hits
178,Lady Antebellum,Need You Now,Drinking,Hits
179,Lady Antebellum,Need You Now,Heartache,Hits
180,Lady Antebellum,Need You Now,Reflection,Hits
181,Lady Antebellum,Need You Now,Breakup,Hits
182,Mariah Carey,Obsessed,D-I-V-O-R-C-E,Hits
183,Mariah Carey,Obsessed,Breakup,Hits
184,Mariah Carey,Obsessed,Girls Night Out,Hits
185,Ariana Grande,God Is A Woman,Sex,Hits
186,Colbie Caillat,Fallin' For You,Affection/Fondness,Hits
187,Colbie Caillat,Fallin' For You,Girls Night Out,Hits
188,Colbie Caillat,Fallin' For You,New Love,Hits
189,Ludacris,How Low,Guys Night Out,Hits
190,Ludacris,How Low,Sex,Hits
191,Drake,Find Your Love,Breakup,Hits
192,Drake,Find Your Love,Heartache,Hits
193,Drake,Find Your Love,In Love,Hits
194,Drake,Find Your Love,Reflection,Hits
195,Ellie Goulding,Love Me Like You Do,Club,Hits
196,Ellie Goulding,Love Me Like You Do,In Love,Hits
197,Ellie Goulding,Love Me Like You Do,Sex,Hits
198,Ludacris Featuring Nicki Minaj,My Chick Bad,Partying,Hits
199,Ludacris Featuring Nicki Minaj,My Chick Bad,TGIF,Hits
200,Ludacris Featuring Nicki Minaj,My Chick Bad,Cool & Cocky,Hits
201,Ludacris Featuring Nicki Minaj,My Chick Bad,Mischievous,Hits
202,Ludacris Featuring Nicki Minaj,My Chick Bad,Guys Night Out,Hits
203,Ludacris Featuring Nicki Minaj,My Chick Bad,Sex,Hits
204,The Black Eyed Peas,Imma Be,Cool & Cocky,Hits
205,The Black Eyed Peas,Imma Be,Empowering,Hits
206,The Black Eyed Peas,Imma Be,Motivation,Hits
207,The Black Eyed Peas,Imma Be,Partying,Hits
208,Lil Wayne Featuring Drake & Future,Love Me,Club,Hits
209,Lil Wayne Featuring Drake & Future,Love Me,Cool & Cocky,Hits
210,Lil Wayne Featuring Drake & Future,Love Me,Sex,Hits
211,Daddy Yankee,Dura,At the Beach,Hits
212,Daddy Yankee,Dura,In Love,Hits
213,Daddy Yankee,Dura,New Love,Hits
214,The Black Eyed Peas,Boom Boom Pow,Partying,Hits
215,The Black Eyed Peas,Boom Boom Pow,TGIF,Hits
216,The Black Eyed Peas,Boom Boom Pow,Club,Hits
217,The Black Eyed Peas,Boom Boom Pow,Empowering,Hits
218,The Black Eyed Peas,Boom Boom Pow,Motivation,Hits
219,Rihanna,Rude Boy,Cool & Cocky,Hits
220,Rihanna,Rude Boy,Freedom,Hits
221,Rihanna,Rude Boy,Girls Night Out,Hits
222,Rihanna,Rude Boy,Seduction,Hits
223,Kelly Clarkson,Stronger (What Doesn't Kill You),Breakup,Hits
224,Kelly Clarkson,Stronger (What Doesn't Kill You),Empowering,Hits
225,Kelly Clarkson,Stronger (What Doesn't Kill You),Girls Night Out,Hits
226,Orianthi,According To You,Girls Night Out,Hits
227,Orianthi,According To You,Heartache,Hits
228,Orianthi,According To You,Breakup,Hits
229,Orianthi,According To You,Empowering,Hits
230,Orianthi,According To You,Feeling Blue,Hits
231,Orianthi,According To You,Freedom,Hits
232,Kelly Clarkson,Already Gone,Breakup,Hits
233,Kelly Clarkson,Already Gone,Freedom,Hits
234,Kelly Clarkson,Already Gone,Heartache,Hits
235,Lady Gaga,Alejandro,Heartache,Hits
236,Lady Gaga,Alejandro,In Love,Hits
237,Maroon 5 Featuring Cardi B,Girls Like You,Breakup,Hits
238,Kelly Clarkson,My Life Would Suck Without You,Empowering,Hits
239,Kelly Clarkson,My Life Would Suck Without You,Girls Night Out,Hits
240,Kelly Clarkson,My Life Would Suck Without You,Motivation,Hits
241,Kelly Clarkson,My Life Would Suck Without You,Breakup,Hits
242,Kelly Clarkson,My Life Would Suck Without You,In Love,Hits
243,The Black Eyed Peas,Meet Me Halfway,Breakup,Hits
244,The Black Eyed Peas,Meet Me Halfway,Heartache,Hits
245,The Black Eyed Peas,Meet Me Halfway,Night Driving,Hits
246,Rihanna Featuring Jeezy,Hard,Celebration,Hits
247,Rihanna Featuring Jeezy,Hard,Club,Hits
248,Rihanna Featuring Jeezy,Hard,Partying,Hits
249,Rihanna Featuring Jeezy,Hard,TGIF,Hits
250,Rihanna Featuring Jeezy,Hard,Empowering,Hits
251,Rihanna Featuring Jeezy,Hard,Freedom,Hits
252,Rihanna Featuring Jeezy,Hard,Girls Night Out,Hits
253,The Pussycat Dolls,I Hate This Part,Feeling Blue,Hits
254,The Pussycat Dolls,I Hate This Part,Introspection,Hits
255,The Pussycat Dolls,I Hate This Part,Late Night,Hits
256,The Pussycat Dolls,I Hate This Part,Reflection,Hits
257,The Pussycat Dolls,I Hate This Part,Breakup,Hits
258,The Pussycat Dolls,I Hate This Part,In Love,Hits
259,The Pussycat Dolls,I Hate This Part,Loss/Grief,Hits
260,Beyonce,Diva,Girls Night Out,Hits
261,Beyonce,Diva,Partying,Hits
262,Beyonce,Diva,Club,Hits
263,Beyonce,Diva,Sex,Hits
264,Beyonce,Diva,Empowering,Hits
265,P!nk,Sober,Empowering,Hits
266,P!nk,Sober,Girls Night Out,Hits
267,P!nk,Sober,New Love,Hits
268,Mario Featuring Gucci Mane & Sean Garrett,Break Up,Breakup,Hits
269,Mario Featuring Gucci Mane & Sean Garrett,Break Up,In Love,Hits
270,Mario Featuring Gucci Mane & Sean Garrett,Break Up,Late Night,Hits
271,Mario Featuring Gucci Mane & Sean Garrett,Break Up,Seduction,Hits
272,Mario Featuring Gucci Mane & Sean Garrett,Break Up,Sex,Hits
273,Mario Featuring Gucci Mane & Sean Garrett,Break Up,Heartache,Hits
274,Rihanna,Pour It Up,Cool & Cocky,Hits
275,Rihanna,Pour It Up,Drinking,Hits
276,Rihanna,Pour It Up,TGIF,Hits
277,P!nk,Please Don't Leave Me,Breakup,Hits
278,P!nk,Please Don't Leave Me,Empowering,Hits
279,P!nk,Please Don't Leave Me,Freedom,Hits
280,Jason Aldean,Big Green Tractor,In Love,Hits
281,Pitbull,Hotel Room Service,Club,Hits
282,Pitbull,Hotel Room Service,Cool & Cocky,Hits
283,Pitbull,Hotel Room Service,Girls Night Out,Hits
284,Pitbull,Hotel Room Service,Guys Night Out,Hits
285,Pitbull,Hotel Room Service,Partying,Hits
286,Jason Derulo,In My Head,Club,Hits
287,Jason Derulo,In My Head,TGIF,Hits
288,Michael Buble,Haven't Met You Yet,Affection/Fondness,Hits
289,Michael Buble,Haven't Met You Yet,Summer,Hits
290,Pitbull,I Know You Want Me (Calle Ocho),Club,Hits
291,Pitbull,I Know You Want Me (Calle Ocho),Cool & Cocky,Hits
292,Pitbull,I Know You Want Me (Calle Ocho),Girls Night Out,Hits
293,Pitbull,I Know You Want Me (Calle Ocho),Guys Night Out,Hits
294,Pitbull,I Know You Want Me (Calle Ocho),Partying,Hits
295,OneRepublic,Good Life,Affirmation,Hits
296,OneRepublic,Good Life,Comfort,Hits
297,OneRepublic,Good Life,Introspection,Hits
298,OneRepublic,Good Life,Motivation,Hits
299,OneRepublic,Good Life,Relaxation,Hits
300,Kristinia DeBarge,Goodbye,Freedom,Hits
301,Kristinia DeBarge,Goodbye,Girls Night Out,Hits
302,Kristinia DeBarge,Goodbye,Heartache,Hits
303,Cobra Starship Featuring Leighton Meester,Good Girls Go Bad,Celebration,Hits
304,Cobra Starship Featuring Leighton Meester,Good Girls Go Bad,Cool & Cocky,Hits
305,Cobra Starship Featuring Leighton Meester,Good Girls Go Bad,Partying,Hits
306,Lil Pump,Gucci Gang,Day Driving,Hits
307,Lil Pump,Gucci Gang,Hanging Out,Hits
308,Lil Pump,Gucci Gang,Protest,Hits
309,The All-American Rejects,Gives You Hell,Breakup,Hits
310,The All-American Rejects,Gives You Hell,Mischievous,Hits
311,Beyonce,If I Were A Boy,Comfort,Hits
312,Beyonce,If I Were A Boy,Introspection,Hits
313,Beyonce,If I Were A Boy,Reflection,Hits
314,Beyonce,If I Were A Boy,Empowering,Hits
315,Beyonce,If I Were A Boy,Feeling Blue,Hits
316,Beyonce,If I Were A Boy,Girls Night Out,Hits
317,Beyonce,If I Were A Boy,Solitude,Hits
318,Beyonce,If I Were A Boy,Breakup,Hits
319,Ne-Yo,Mad,Breakup,Hits
320,Ne-Yo,Mad,Heartache,Hits
321,Ne-Yo,Mad,In Love,Hits
322,Kelly Clarkson,I Do Not Hook Up,Affirmation,Hits
323,Kelly Clarkson,I Do Not Hook Up,Empowering,Hits
324,Kelly Clarkson,I Do Not Hook Up,Motivation,Hits
325,Kelly Clarkson,I Do Not Hook Up,In Love,Hits
326,Kelly Clarkson,I Do Not Hook Up,Sex,Hits
327,Beyonce,Single Ladies (Put A Ring On It),Girls Night Out,Hits
328,Beyonce,Single Ladies (Put A Ring On It),Partying,Hits
329,Beyonce,Single Ladies (Put A Ring On It),Celebration,Hits
330,Beyonce,Single Ladies (Put A Ring On It),Club,Hits
331,Beyonce,Single Ladies (Put A Ring On It),Mischievous,Hits
332,Beyonce,Single Ladies (Put A Ring On It),Playful,Hits
333,Beyonce,Single Ladies (Put A Ring On It),Sex,Hits
334,Beyonce,Single Ladies (Put A Ring On It),TGIF,Hits
335,Drake,Best I Ever Had,Cool & Cocky,Hits
336,Drake,Best I Ever Had,Guys Night Out,Hits
337,Drake,Best I Ever Had,Seduction,Hits
338,Drake,Best I Ever Had,Sex,Hits
339,"Jay-Z, Rihanna & Kanye West",Run This Town,Celebration,Hits
340,"Jay-Z, Rihanna & Kanye West",Run This Town,Cool & Cocky,Hits
341,"Jay-Z, Rihanna & Kanye West",Run This Town,TGIF,Hits
342,"Jay-Z, Rihanna & Kanye West",Run This Town,Victory,Hits
343,Jeremih,Birthday Sex,In Love,Hits
344,Jeremih,Birthday Sex,Late Night,Hits
345,Jeremih,Birthday Sex,Seduction,Hits
346,Jeremih,Birthday Sex,Sex,Hits
347,Lady Gaga,Paparazzi,Club,Hits
348,Lady Gaga,Paparazzi,Late Night,Hits
349,Lady Gaga,Paparazzi,Seduction,Hits
350,Lady Gaga,Paparazzi,Sex,Hits
351,Beyonce,Sweet Dreams,Heartache,Hits
352,Beyonce,Sweet Dreams,In Love,Hits
353,La Roux,Bulletproof,Club,Hits
354,La Roux,Bulletproof,Girls Night Out,Hits
355,La Roux,Bulletproof,Heartache,Hits
356,La Roux,Bulletproof,Playful,Hits
357,Trey Songz Featuring Fabolous,Say Aah,Celebration,Hits
358,Trey Songz Featuring Fabolous,Say Aah,Club,Hits
359,Trey Songz Featuring Fabolous,Say Aah,Partying,Hits
360,Trey Songz Featuring Fabolous,Say Aah,Seduction,Hits
361,Trey Songz Featuring Fabolous,Say Aah,TGIF,Hits
362,Alessia Cara,Scars To Your Beautiful,Empowering,Hits
363,Alessia Cara,Scars To Your Beautiful,Healing/Comfort,Hits
364,Alessia Cara,Scars To Your Beautiful,Hope,Hits
365,Akon Featuring Colby O'Donis & Kardinal Offishall,Beautiful,Heartache,Hits
366,Akon Featuring Colby O'Donis & Kardinal Offishall,Beautiful,In Love,Hits
367,Akon Featuring Colby O'Donis & Kardinal Offishall,Beautiful,Romantic Evening,Hits
368,The Script,Breakeven,Heartache,Hits
369,The Script,Breakeven,Reflection,Hits
370,The Script,Breakeven,Solitude,Hits
371,The Script,Breakeven,Day Driving,Hits
372,The Script,Breakeven,Hanging Out,Hits
373,twenty one pilots,Ride,Day Driving,Hits
374,twenty one pilots,Ride,Summer,Hits
375,twenty one pilots,Ride,Victory,Hits
376,Billy Currington,People Are Crazy,Drinking,Hits
377,Billy Currington,People Are Crazy,Late Night,Hits
378,Billy Currington,People Are Crazy,Reflection,Hits
379,Rihanna,Love On The Brain,Despair,Hits
380,Rihanna,Love On The Brain,Heartache,Hits
381,Rihanna,Love On The Brain,Pain,Hits
382,Kris Allen,Live Like We're Dying,Relaxation,Hits
383,Kris Allen,Live Like We're Dying,Hanging Out,Hits
384,Tim McGraw,Humble And Kind,Children,Hits
385,Tim McGraw,Humble And Kind,Parenthood,Hits
386,Tim McGraw,Humble And Kind,Reflection,Hits
387,Childish Gambino,Redbone,Affirmation,Hits
388,Childish Gambino,Redbone,Daydreaming,Hits
389,Childish Gambino,Redbone,Illness,Hits
390,Childish Gambino,Redbone,Late Night,Hits
391,Childish Gambino,Redbone,Summer,Hits
392,Justin Bieber,One Time,Affection/Fondness,Hits
393,Justin Bieber,One Time,Hanging Out,Hits
394,Justin Bieber,One Time,New Love,Hits
395,Uncle Kracker,Smile,Affection/Fondness,Hits
396,Uncle Kracker,Smile,Comfort,Hits
397,Uncle Kracker,Smile,Early Morning,Hits
398,Lady Antebellum,American Honey,Reflection,Hits
399,Lady Antebellum,American Honey,Reminiscing,Hits
400,Lady Antebellum,American Honey,Summer,Hits
401,Lady Gaga,LoveGame,Club,Hits
402,Lady Gaga,LoveGame,Girls Night Out,Hits
403,Lady Gaga,LoveGame,Late Night,Hits
404,Lady Gaga,LoveGame,Seduction,Hits
405,Lady Gaga,LoveGame,Sex,Hits
406,Lady Gaga,LoveGame,TGIF,Hits
407,OneRepublic,Secrets,Freedom,Hits
408,OneRepublic,Secrets,Motivation,Hits
409,OneRepublic,Secrets,Victory,Hits
410,Kendrick Lamar,Swimming Pools (Drank),Despair,Hits
411,Kendrick Lamar,Swimming Pools (Drank),Drinking,Hits
412,Kendrick Lamar,Swimming Pools (Drank),Tragedy,Hits
413,Ne-Yo,Miss Independent,In Love,Hits
414,Ne-Yo,Miss Independent,Romantic Evening,Hits
415,Ne-Yo,Miss Independent,Seduction,Hits
416,Ne-Yo,Miss Independent,Freedom,Hits
417,P!nk,So What,Empowering,Hits
418,P!nk,So What,Girls Night Out,Hits
419,P!nk,So What,TGIF,Hits
420,Alicia Keys,Try Sleeping With A Broken Heart,Breakup,Hits
421,Alicia Keys,Try Sleeping With A Broken Heart,Empowering,Hits
422,Alicia Keys,Try Sleeping With A Broken Heart,Girls Night Out,Hits
423,DJ Snake & Lil Jon,Turn Down For What,Seduction,Hits
424,DJ Snake & Lil Jon,Turn Down For What,Sex,Hits
425,David Guetta Featuring Nicki Minaj,Turn Me On,Dreaming,Hits
426,David Guetta Featuring Nicki Minaj,Turn Me On,Playful,Hits
427,Keri Hilson Featuring Lil Wayne,Turnin Me On,Girls Night Out,Hits
428,Keri Hilson Featuring Lil Wayne,Turnin Me On,Club,Hits
429,Keri Hilson Featuring Lil Wayne,Turnin Me On,Mischievous,Hits
430,Keri Hilson Featuring Lil Wayne,Turnin Me On,Playful,Hits
431,Keri Hilson Featuring Lil Wayne,Turnin Me On,Seduction,Hits
432,Keri Hilson Featuring Lil Wayne,Turnin Me On,Sex,Hits
433,Boys Like Girls Featuring Taylor Swift,Two Is Better Than One,Affection/Fondness,Hits
434,Boys Like Girls Featuring Taylor Swift,Two Is Better Than One,Summer,Hits
435,Carrie Underwood,Undo It,Breakup,Hits
436,Carrie Underwood,Undo It,Heartache,Hits
437,Carrie Underwood,Undo It,New Love,Hits
438,The Veronicas,Untouched,Cool & Cocky,Hits
439,The Veronicas,Untouched,Girls Night Out,Hits
440,The Veronicas,Untouched,Partying,Hits
441,Kings Of Leon,Use Somebody,In Love,Hits
442,Kings Of Leon,Use Somebody,Late Night,Hits
443,Coldplay,Viva La Vida,Introspection,Hits
444,Coldplay,Viva La Vida,Reflection,Hits
445,3OH!3,Don't Trust Me,Cool & Cocky,Hits
446,3OH!3,Don't Trust Me,Mischievous,Hits
447,3OH!3,Don't Trust Me,Jealousy,Hits
448,3OH!3,Don't Trust Me,Partying,Hits
449,3OH!3,Don't Trust Me,Seduction,Hits
450,3OH!3,Don't Trust Me,Sex,Hits
451,Miranda Lambert,The House That Built Me,Reflection,Hits
452,Paramore,The Only Exception,In Love,Hits
453,David Guetta Featuring Usher,Without You,Feeling Blue,Hits
454,David Guetta Featuring Usher,Without You,Happiness,Hits
455,David Guetta Featuring Usher,Without You,In Love,Hits
456,Britney Spears,Womanizer,Freedom,Hits
457,Britney Spears,Womanizer,Girls Night Out,Hits
458,Britney Spears,Womanizer,Partying,Hits
459,Britney Spears,Womanizer,Breakup,Hits
460,Britney Spears,Womanizer,Sex,Hits
461,Katy Perry,Waking Up In Vegas,Empowering,Hits
462,Katy Perry,Waking Up In Vegas,Girls Night Out,Hits
463,Katy Perry,Waking Up In Vegas,Mischievous,Hits
464,Katy Perry,Waking Up In Vegas,Partying,Hits
465,Katy Perry,Waking Up In Vegas,TGIF,Hits
466,P!nk,What About Us,Motivation,Hits
467,P!nk,What About Us,Politics/Society,Hits
468,P!nk,What About Us,Protest,Hits
469,Adam Lambert,Whataya Want From Me,Reflection,Hits
470,Adam Lambert,Whataya Want From Me,Late Night,Hits
471,Jason Derulo,Whatcha Say,Club,Hits
472,Jason Derulo,Whatcha Say,TGIF,Hits
473,Zac Brown Band,Whatever It Is,Affection/Fondness,Hits
474,Zac Brown Band,Whatever It Is,Day Driving,Hits
475,Usher,There Goes My Baby,In Love,Hits
476,Usher,There Goes My Baby,Seduction,Hits
477,New Boyz Featuring Ray J,Tie Me Down,Cool & Cocky,Hits
478,New Boyz Featuring Ray J,Tie Me Down,Mischievous,Hits
479,New Boyz Featuring Ray J,Tie Me Down,Playful,Hits
480,New Boyz Featuring Ray J,Tie Me Down,Summer,Hits
481,Taylor Swift,Today Was A Fairytale,In Love,Hits
482,Taylor Swift,Today Was A Fairytale,New Love,Hits
483,Jason Mraz,I'm Yours,Affection/Fondness,Hits
484,Jason Mraz,I'm Yours,Summer,Hits
485,Jason Mraz,I'm Yours,Sunday Afternoon,Hits
486,Britney Spears,If U Seek Amy,Freedom,Hits
487,Britney Spears,If U Seek Amy,Girls Night Out,Hits
488,Britney Spears,If U Seek Amy,Partying,Hits
489,Britney Spears,If U Seek Amy,Breakup,Hits
490,Britney Spears,If U Seek Amy,Sex,Hits
491,Nickelback,If Today Was Your Last Day,Empowering,Hits
492,Nickelback,If Today Was Your Last Day,Motivation,Hits
493,Nickelback,If Today Was Your Last Day,Reflection,Hits
494,Katy Perry,Hot N Cold,Empowering,Hits
495,Katy Perry,Hot N Cold,Girls Night Out,Hits
496,Katy Perry,Hot N Cold,Mischievous,Hits
497,Katy Perry,Hot N Cold,Partying,Hits
498,Katy Perry,Hot N Cold,TGIF,Hits
499,Rihanna,Disturbia,Club,Hits
500,Rihanna,Disturbia,Girls Night Out,Hits
501,Rihanna,Disturbia,Introspection,Hits
502,Rihanna,Disturbia,Late Night,Hits
503,Rihanna,Disturbia,Partying,Hits
504,Rihanna,Disturbia,Sex,Hits
505,Taylor Swift,You Belong With Me,In Love,Hits
506,Taylor Swift,You Belong With Me,Motivation,Hits
507,Taylor Swift,You Belong With Me,New Love,Hits
508,Taylor Swift,You Belong With Me,Victory,Hits
509,The Fray,You Found Me,Comfort,Hits
510,The Fray,You Found Me,Introspection,Hits
511,The Fray,You Found Me,In Love,Hits
512,The Fray,You Found Me,Reflection,Hits
513,The Fray,You Found Me,Reminiscing,Hits
514,Ke$ha,Your Love Is My Drug,Freedom,Hits
515,Ke$ha,Your Love Is My Drug,Girls Night Out,Hits
516,Ke$ha,Your Love Is My Drug,Partying,Hits
517,Ke$ha,Your Love Is My Drug,Day Driving,Hits
518,Ke$ha,Your Love Is My Drug,Drinking,Hits
519,Justin Bieber,One Less Lonely Girl,Heartache,Non-hits
520,Justin Bieber,One Less Lonely Girl,Hanging Out,Non-hits
521,Justin Bieber,One Less Lonely Girl,In Love,Non-hits
522,Ludacris Co-Starring T-Pain,One More Drink,Guys Night Out,Non-hits
523,Ludacris Co-Starring T-Pain,One More Drink,Drinking,Non-hits
524,Ludacris Co-Starring T-Pain,One More Drink,Partying,Non-hits
525,Ludacris Co-Starring T-Pain,One More Drink,TGIF,Non-hits
526,Sam Hunt,Break Up In A Small Town,Breakup,Non-hits
527,Sam Hunt,Break Up In A Small Town,Guys Night Out,Non-hits
528,Sam Hunt,Break Up In A Small Town,Reflection,Non-hits
529,Luke Bryan,Do I,Breakup,Non-hits
530,Beyonce Featuring The Weeknd,6 Inch,Cool & Cocky,Non-hits
531,Beyonce Featuring The Weeknd,6 Inch,Girls Night Out,Non-hits
532,Beyonce Featuring The Weeknd,6 Inch,Heartache,Non-hits
533,David Cook,Permanent,Heartache,Non-hits
534,David Cook,Permanent,Reflection,Non-hits
535,JAY-Z,D.O.A. (Death Of Auto-Tune),Feeling Blue,Non-hits
536,JAY-Z,D.O.A. (Death Of Auto-Tune),Autumn,Non-hits
537,JAY-Z,D.O.A. (Death Of Auto-Tune),Late Night,Non-hits
538,JAY-Z,D.O.A. (Death Of Auto-Tune),Reflection,Non-hits
539,JAY-Z,D.O.A. (Death Of Auto-Tune),Regret,Non-hits
540,JAY-Z,D.O.A. (Death Of Auto-Tune),Slow Dance,Non-hits
541,JAY-Z,D.O.A. (Death Of Auto-Tune),Introspection,Non-hits
542,JAY-Z,D.O.A. (Death Of Auto-Tune),Long Walk,Non-hits
543,Taylor Swift,Call It What You Want,In Love,Non-hits
544,Beyonce Featuring Jack White,Don't Hurt Yourself,Anger/Hostility,Non-hits
545,Beyonce Featuring Jack White,Don't Hurt Yourself,Argument,Non-hits
546,Beyonce Featuring Jack White,Don't Hurt Yourself,D-I-V-O-R-C-E,Non-hits
547,Beyonce,Run The World (Girls),Maverick,Non-hits
548,Beyonce,Run The World (Girls),Politics/Society,Non-hits
549,Beyonce,Run The World (Girls),Revolutionary,Non-hits
550,Steven Tyler,(It) Feels So Good,Empowering,Non-hits
551,Steven Tyler,(It) Feels So Good,In Love,Non-hits
552,Jonas Brothers,Paranoid,Club,Non-hits
553,Jonas Brothers,Paranoid,Freedom,Non-hits
554,Jonas Brothers,Paranoid,Late Night,Non-hits
555,Kris Allen,Ain't No Sunshine,Heartache,Non-hits
556,Kris Allen,Ain't No Sunshine,Breakup,Non-hits
557,Kris Allen,Ain't No Sunshine,D-I-V-O-R-C-E,Non-hits
558,Beyonce,Pray You Catch Me,Feeling Blue,Non-hits
559,Beyonce,Pray You Catch Me,Heartache,Non-hits
560,Beyonce,Pray You Catch Me,Jealousy,Non-hits
561,Papa Roach,Lifeline,Empowering,Non-hits
562,Papa Roach,Lifeline,Freedom,Non-hits
563,Papa Roach,Lifeline,Politics/Society,Non-hits
564,Marsha Ambrosius,Far Away,Comfort,Non-hits
565,Marsha Ambrosius,Far Away,Despair,Non-hits
566,Marsha Ambrosius,Far Away,Pain,Non-hits
567,Jazmine Sullivan,"Lions, Tigers & Bears",Feeling Blue,Non-hits
568,Jazmine Sullivan,"Lions, Tigers & Bears",Heartache,Non-hits
569,Jazmine Sullivan,"Lions, Tigers & Bears",In Love,Non-hits
570,Jazmine Sullivan,"Lions, Tigers & Bears",New Love,Non-hits
571,Blake Shelton,I'll Just Hold On,Breakup,Non-hits
572,Blake Shelton,I'll Just Hold On,Heartache,Non-hits
573,Blake Shelton,I'll Just Hold On,Jealousy,Non-hits
574,Blake Shelton,I'll Just Hold On,Reflection,Non-hits
575,Blake Shelton,I'll Just Hold On,Regret,Non-hits
576,"Mary Mary Featuring Kierra ""KiKi"" Sheard",God In Me,Family Gatherings,Non-hits
577,"Mary Mary Featuring Kierra ""KiKi"" Sheard",God In Me,Introspection,Non-hits
578,"Mary Mary Featuring Kierra ""KiKi"" Sheard",God In Me,Motivation,Non-hits
579,"Mary Mary Featuring Kierra ""KiKi"" Sheard",God In Me,Reflection,Non-hits
580,"Mary Mary Featuring Kierra ""KiKi"" Sheard",God In Me,Solitude,Non-hits
581,Mary J. Blige Featuring Drake,Mr. Wrong,Comfort,Non-hits
582,Mary J. Blige Featuring Drake,Mr. Wrong,Healing/Comfort,Non-hits
583,Mary J. Blige Featuring Drake,Mr. Wrong,Playful,Non-hits
584,Jennifer Hudson,If This Isn't Love,Freedom,Non-hits
585,Jennifer Hudson,If This Isn't Love,In Love,Non-hits
586,Jennifer Hudson,If This Isn't Love,New Love,Non-hits
587,Keith Urban,Kiss A Girl,Affection/Fondness,Non-hits
588,Keith Urban,Kiss A Girl,New Love,Non-hits
589,Keith Urban,Kiss A Girl,Relaxation,Non-hits
590,Pearl Jam,Just Breathe,Affection/Fondness,Non-hits
591,Pearl Jam,Just Breathe,Affirmation,Non-hits
592,Pearl Jam,Just Breathe,Comfort,Non-hits
593,Pearl Jam,Just Breathe,In Love,Non-hits
594,Pearl Jam,Just Breathe,Stay in Bed,Non-hits
595,Pearl Jam,Just Breathe,Sunday Afternoon,Non-hits
596,Lee Ann Womack,Last Call,Breakup,Non-hits
597,Lee Ann Womack,Last Call,Heartache,Non-hits
598,Lee Ann Womack,Last Call,Reflection,Non-hits
599,Lee Ann Womack,Last Call,Regret,Non-hits
600,Lee Ann Womack,Last Call,Drinking,Non-hits
601,Lee Ann Womack,Last Call,In Love,Non-hits
602,Miley Cyrus,Hoedown Throwdown,Celebration,Non-hits
603,Miley Cyrus,Hoedown Throwdown,Playful,Non-hits
604,Miley Cyrus,Hoedown Throwdown,Freedom,Non-hits
605,Miley Cyrus,Hoedown Throwdown,TGIF,Non-hits
606,Rascal Flatts,Here Comes Goodbye,Breakup,Non-hits
607,Rascal Flatts,Here Comes Goodbye,Heartache,Non-hits
608,Rascal Flatts,Here Comes Goodbye,Regret,Non-hits
609,Rascal Flatts,Here Comes Goodbye,In Love,Non-hits
610,Rascal Flatts,Summer Nights,Late Night,Non-hits
611,Rascal Flatts,Summer Nights,Partying,Non-hits
612,Rascal Flatts,Summer Nights,Summer,Non-hits
613,Dierks Bentley,Sideways,Drinking,Non-hits
614,Dierks Bentley,Sideways,Late Night,Non-hits
615,Dierks Bentley,Sideways,Seduction,Non-hits
616,Dierks Bentley,Sideways,Partying,Non-hits
617,Dierks Bentley,Sideways,Sex,Non-hits
618,Daughtry,September,Reflection,Non-hits
619,Daughtry,September,Regret,Non-hits
620,Daughtry,September,Reminiscing,Non-hits
621,Reba,Consider Me Gone,Breakup,Non-hits
622,Reba,Consider Me Gone,D-I-V-O-R-C-E,Non-hits
623,Reba,Consider Me Gone,Heartache,Non-hits
624,Reba,Consider Me Gone,Regret,Non-hits
625,Plain White T's,"1, 2, 3, 4",Summer,Non-hits
626,Plain White T's,"1, 2, 3, 4",In Love,Non-hits
627,Plain White T's,"1, 2, 3, 4",Sunday Afternoon,Non-hits
628,Easton Corbin,A Little More Country Than That,In Love,Non-hits
629,Easton Corbin,A Little More Country Than That,Relaxation,Non-hits
630,Easton Corbin,A Little More Country Than That,Romantic Evening,Non-hits
631,Cascada,Evacuate The Dancefloor,Club,Non-hits
632,Cascada,Evacuate The Dancefloor,Partying,Non-hits
633,Cascada,Evacuate The Dancefloor,Pool Party,Non-hits
634,Cascada,Evacuate The Dancefloor,TGIF,Non-hits
635,Sugarland,It Happens,Cool & Cocky,Non-hits
636,Sugarland,It Happens,Empowering,Non-hits
637,Sugarland,It Happens,Freedom,Non-hits
638,Chris Young,Gettin' You Home,Dinner Ambiance,Non-hits
639,Chris Young,Gettin' You Home,In Love,Non-hits
640,Chris Young,Gettin' You Home,Relaxation,Non-hits
641,Chris Young,Gettin' You Home,Romantic Evening,Non-hits
642,Matthew Schuler,Hallelujah,Comfort,Non-hits
643,Matthew Schuler,Hallelujah,Day Driving,Non-hits
644,Matthew Schuler,Hallelujah,Playful,Non-hits
645,Matthew Schuler,Hallelujah,Relaxation,Non-hits
646,Monica,Everything To Me,Affection/Fondness,Non-hits
647,Monica,Everything To Me,In Love,Non-hits
648,The Lonely Island Featuring T-Pain,I'm On A Boat,Guys Night Out,Non-hits
649,The Lonely Island Featuring T-Pain,I'm On A Boat,Mischievous,Non-hits
650,The Lonely Island Featuring T-Pain,I'm On A Boat,Vacation,Non-hits
651,George Strait,Living For The Night,Feeling Blue,Non-hits
652,George Strait,Living For The Night,Heartache,Non-hits
653,George Strait,Living For The Night,Reflection,Non-hits
654,George Strait,Living For The Night,Regret,Non-hits
655,Miley Cyrus,Fly On The Wall,Partying,Non-hits
656,Miley Cyrus,Fly On The Wall,Girls Night Out,Non-hits
657,Miley Cyrus,Fly On The Wall,Mischievous,Non-hits
658,Miley Cyrus,Fly On The Wall,Summer,Non-hits
659,KIDS SEE GHOSTS,Reborn,Despair,Non-hits
660,KIDS SEE GHOSTS,Reborn,Empowering,Non-hits
661,KIDS SEE GHOSTS,Reborn,Healing/Comfort,Non-hits
662,Beyonce,Daddy Lessons,Anniversary,Non-hits
663,Beyonce,Daddy Lessons,Family,Non-hits
664,Beyonce,Daddy Lessons,Heartache,Non-hits
665,The Ronettes,Sleigh Ride,Christmas Party,Non-hits
666,The Ronettes,Sleigh Ride,Holidays,Non-hits
667,The Ronettes,Sleigh Ride,Celebration,Non-hits
668,The Ronettes,Sleigh Ride,Reunion,Non-hits
669,The Ronettes,Sleigh Ride,Winter,Non-hits
670,Marshmello Featuring Khalid,Silence,Happiness,Non-hits
671,Beyonce,Sandcastles,Heartache,Non-hits
672,Beyonce,Sandcastles,Heartbreak,Non-hits
673,Beyonce,Sandcastles,Yearning,Non-hits
674,Khalid,Better,Empowering,Non-hits
675,Khalid,Better,Stay in Bed,Non-hits
676,Khalid,Better,Yearning,Non-hits
677,Young Money Featuring Gucci Mane,Steady Mobbin',Mischievous,Non-hits
678,Young Money Featuring Gucci Mane,Steady Mobbin',Partying,Non-hits
679,Young Money Featuring Gucci Mane,Steady Mobbin',Playful,Non-hits
680,Young Money Featuring Gucci Mane,Steady Mobbin',Freedom,Non-hits
681,Young Money Featuring Gucci Mane,Steady Mobbin',Guys Night Out,Non-hits
682,Kellie Pickler,Best Days Of Your Life,Empowering,Non-hits
683,Kellie Pickler,Best Days Of Your Life,Freedom,Non-hits
684,Kellie Pickler,Best Days Of Your Life,Girls Night Out,Non-hits
685,Eazy-E,Boyz-N-The Hood,Cool & Cocky,Non-hits
686,Eazy-E,Boyz-N-The Hood,Empowering,Non-hits
687,Eazy-E,Boyz-N-The Hood,Guys Night Out,Non-hits
688,Eazy-E,Boyz-N-The Hood,Hanging Out,Non-hits
689,Eazy-E,Boyz-N-The Hood,Mischievous,Non-hits
690,Eazy-E,Boyz-N-The Hood,Partying,Non-hits
691,Eazy-E,Boyz-N-The Hood,Playful,Non-hits
692,Eazy-E,Boyz-N-The Hood,TGIF,Non-hits
693,Miranda Cosgrove,About You Now,Girls Night Out,Non-hits
694,Miranda Cosgrove,About You Now,Hanging Out,Non-hits
695,Miranda Cosgrove,About You Now,Partying,Non-hits
696,Miranda Cosgrove,About You Now,Playful,Non-hits
697,Miranda Cosgrove,About You Now,Summer,Non-hits
698,Miranda Cosgrove,About You Now,TGIF,Non-hits
699,Taylor Swift,Dear John,Breakup,Non-hits
700,The Chainsmokers,#SELFIE,Club,Non-hits
701,The Chainsmokers,#SELFIE,Girls Night Out,Non-hits
702,The Chainsmokers,#SELFIE,Partying,Non-hits
703,Pearl Jam,The Fixer,Affirmation,Non-hits
704,Pearl Jam,The Fixer,Motivation,Non-hits
705,Pearl Jam,The Fixer,Empowering,Non-hits
706,Pearl Jam,The Fixer,Revolutionary,Non-hits
707,Charice Featuring Iyaz,Pyramid,In Love,Non-hits
708,Charice Featuring Iyaz,Pyramid,Romantic Evening,Non-hits
709,Charice Featuring Iyaz,Pyramid,Victory,Non-hits
710,Taylor Swift,Better Than Revenge,Anger/Hostility,Non-hits
711,Sia,Alive,Affection/Fondness,Non-hits
712,Sia,Alive,Cool & Cocky,Non-hits
713,Sia,Alive,In Love,Non-hits
714,Sia,Alive,New Love,Non-hits
715,Sia,Alive,Sex,Non-hits
716,Beyonce,1+1,In Love,Non-hits
717,Beyonce,1+1,Passion,Non-hits
718,Beyonce,1+1,Seduction,Non-hits
719,Kenny Chesney,Out Last Night,Drinking,Non-hits
720,Kenny Chesney,Out Last Night,Partying,Non-hits
721,Matisyahu,One Day,Empowering,Non-hits
722,Matisyahu,One Day,Affirmation,Non-hits
723,Matisyahu,One Day,Long Walk,Non-hits
724,Matisyahu,One Day,Politics/Society,Non-hits
725,Miranda Lambert,More Like Her,Breakup,Non-hits
726,Miranda Lambert,More Like Her,Feeling Blue,Non-hits
727,Miranda Lambert,More Like Her,Heartache,Non-hits
728,Miranda Lambert,More Like Her,Jealousy,Non-hits
729,Miranda Lambert,More Like Her,Regret,Non-hits
730,George Strait,I Gotta Get To You,In Love,Non-hits
731,George Strait,I Gotta Get To You,Relaxation,Non-hits
732,George Strait,I Gotta Get To You,Romantic Evening,Non-hits
733,MGMT,Kids,Freedom,Non-hits
734,MGMT,Kids,Summer,Non-hits
735,MGMT,Kids,The Creative Side,Non-hits
736,MGMT,Kids,Hanging Out,Non-hits
737,Reba,I Keep On Loving You,Introspection,Non-hits
738,Reba,I Keep On Loving You,Late Night,Non-hits
739,Reba,I Keep On Loving You,Reflection,Non-hits
740,"Machine Gun Kelly, X Ambassadors & Bebe Rexha",Home,Cool & Cocky,Non-hits
741,"Machine Gun Kelly, X Ambassadors & Bebe Rexha",Home,Mischievous,Non-hits
742,"Machine Gun Kelly, X Ambassadors & Bebe Rexha",Home,Reflection,Non-hits
743,Toby Keith,Lost You Anyway,Heartache,Non-hits
744,Toby Keith,Lost You Anyway,Reflection,Non-hits
745,Toby Keith,Lost You Anyway,Regret,Non-hits
746,Lifehouse,Halfway Gone,Breakup,Non-hits
747,Lifehouse,Halfway Gone,Day Driving,Non-hits
748,Lifehouse,Halfway Gone,Freedom,Non-hits
749,Lifehouse,Halfway Gone,Hanging Out,Non-hits
750,Lifehouse,Halfway Gone,Solitude,Non-hits
751,Luke Bryan,Rain Is A Good Thing,Drinking,Non-hits
752,Luke Bryan,Rain Is A Good Thing,Partying,Non-hits
753,Luke Bryan,Rain Is A Good Thing,Relaxation,Non-hits
754,Brooks & Dunn Featuring Reba McEntire,Cowgirls Don't Cry,Feeling Blue,Non-hits
755,Brooks & Dunn Featuring Reba McEntire,Cowgirls Don't Cry,Heartache,Non-hits
756,Brooks & Dunn Featuring Reba McEntire,Cowgirls Don't Cry,Late Night,Non-hits
757,Tim McGraw,Southern Voice,Freedom,Non-hits
758,Tim McGraw,Southern Voice,Guys Night Out,Non-hits
759,Tim McGraw,Southern Voice,Hanging Out,Non-hits
760,Justin Moore,Small Town USA,Hanging Out,Non-hits
761,Justin Moore,Small Town USA,Relaxation,Non-hits
762,Jazmine Sullivan,Bust Your Windows,Breakup,Non-hits
763,Jazmine Sullivan,Bust Your Windows,Feeling Blue,Non-hits
764,Jazmine Sullivan,Bust Your Windows,Heartache,Non-hits
765,Jazmine Sullivan,Bust Your Windows,Jealousy,Non-hits
766,Jazmine Sullivan,Bust Your Windows,Solitude,Non-hits
767,Jazmine Sullivan,Bust Your Windows,Regret,Non-hits
768,Young Thug And Travis Scott Featuring Quavo,Pick Up The Phone,Cool & Cocky,Non-hits
769,Young Thug And Travis Scott Featuring Quavo,Pick Up The Phone,Freedom,Non-hits
770,Young Thug And Travis Scott Featuring Quavo,Pick Up The Phone,Guys Night Out,Non-hits
771,Young Thug And Travis Scott Featuring Quavo,Pick Up The Phone,Hanging Out,Non-hits
772,Young Thug And Travis Scott Featuring Quavo,Pick Up The Phone,Late Night,Non-hits
773,Young Thug And Travis Scott Featuring Quavo,Pick Up The Phone,Revolutionary,Non-hits
774,Young Thug And Travis Scott Featuring Quavo,Pick Up The Phone,The Creative Side,Non-hits
775,Keith Urban,Sweet Thing,Affection/Fondness,Non-hits
776,Keith Urban,Sweet Thing,New Love,Non-hits
777,Keith Urban,Sweet Thing,Relaxation,Non-hits
778,Jason Aldean,Crazy Town,Cool & Cocky,Non-hits
779,Jason Aldean,Crazy Town,Freedom,Non-hits
780,Jason Aldean,Crazy Town,Guys Night Out,Non-hits
781,Jason Aldean,Crazy Town,TGIF,Non-hits
782,David Nail,Red Light,Early Morning,Non-hits
783,David Nail,Red Light,Introspection,Non-hits
784,Paramore,Decode,Breakup,Non-hits
785,Chris Young,Aw Naw,Celebration,Non-hits
786,Chris Young,Aw Naw,Cool & Cocky,Non-hits
787,Chris Young,Aw Naw,Guys Night Out,Non-hits
788,Randy Houser,Boots On,Drinking,Non-hits
789,Randy Houser,Boots On,Partying,Non-hits
790,Clay Walker,She Won't Be Lonely Long,Affection/Fondness,Non-hits
791,Clay Walker,She Won't Be Lonely Long,In Love,Non-hits
792,Alan Jackson,Country Boy,Day Driving,Non-hits
793,Alan Jackson,Country Boy,Freedom,Non-hits
794,Alan Jackson,Country Boy,Hanging Out,Non-hits
795,Alan Jackson,Country Boy,Road Trip,Non-hits
796,Carrie Underwood Featuring Randy Travis,I Told You So,Breakup,Non-hits
797,Carrie Underwood Featuring Randy Travis,I Told You So,Heartache,Non-hits
798,Carrie Underwood Featuring Randy Travis,I Told You So,Regret,Non-hits
799,Zac Brown Band,Highway 20 Ride,Day Driving,Non-hits
800,Zac Brown Band,Highway 20 Ride,Road Trip,Non-hits
801,Beyonce,Ego,Girls Night Out,Non-hits
802,Beyonce,Ego,Empowering,Non-hits
803,Martin Garrix & Bebe Rexha,In The Name Of Love,At the Beach,Non-hits
804,Martin Garrix & Bebe Rexha,In The Name Of Love,Pool Party,Non-hits
805,Toby Keith,God Love Her,Parenthood,Non-hits
806,Toby Keith,God Love Her,Reflection,Non-hits
807,Toby Keith,God Love Her,Reminiscing,Non-hits
808,Toby Keith,God Love Her,Freedom,Non-hits
809,Dorrough,Ice Cream Paint Job,Day Driving,Non-hits
810,Dorrough,Ice Cream Paint Job,Cool & Cocky,Non-hits
811,Dorrough,Ice Cream Paint Job,Night Driving,Non-hits
812,Dorrough,Ice Cream Paint Job,Guys Night Out,Non-hits
813,Trey Songz,Neighbors Know My Name,Late Night,Non-hits
814,Trey Songz,Neighbors Know My Name,Seduction,Non-hits
815,Trey Songz,Neighbors Know My Name,Sex,Non-hits
816,Trey Songz,Neighbors Know My Name,Mischievous,Non-hits
817,Trey Songz,Neighbors Know My Name,In Love,Non-hits
818,Shinedown,If You Only Knew,Feeling Blue,Non-hits
819,David Guetta Featuring Kid Cudi,Memories,Club,Non-hits
820,David Guetta Featuring Kid Cudi,Memories,Drinking,Non-hits
821,David Guetta Featuring Kid Cudi,Memories,Partying,Non-hits
822,David Guetta Featuring Kid Cudi,Memories,TGIF,Non-hits
823,Green Day,Know Your Enemy,Politics/Society,Non-hits
824,Shakira Featuring Lil Wayne,Give It Up To Me,In Love,Non-hits
825,Shakira Featuring Lil Wayne,Give It Up To Me,Mischievous,Non-hits
826,Shakira Featuring Lil Wayne,Give It Up To Me,Playful,Non-hits
827,Shakira Featuring Lil Wayne,Give It Up To Me,Seduction,Non-hits
828,Hannah Montana,He Could Be The One,Girls Night Out,Non-hits
829,Hannah Montana,He Could Be The One,Hanging Out,Non-hits
830,Hannah Montana,He Could Be The One,Partying,Non-hits
831,Hannah Montana,He Could Be The One,Playful,Non-hits
832,Hannah Montana,He Could Be The One,TGIF,Non-hits
833,Beyonce,Formation,Cool & Cocky,Non-hits
834,Beyonce,Formation,Maverick,Non-hits
835,Beyonce,Formation,Revolutionary,Non-hits
836,Madonna Featuring Nicki Minaj & M.I.A.,Give Me All Your Luvin',Mischievous,Non-hits
837,Madonna Featuring Nicki Minaj & M.I.A.,Give Me All Your Luvin',Playful,Non-hits
838,Beyonce,Hold Up,Heartache,Non-hits
839,Beyonce,Hold Up,Jealousy,Non-hits
840,Beyonce,Hold Up,Separation,Non-hits
841,Kris Allen,Heartless,Breakup,Non-hits
842,Kris Allen,Heartless,Heartache,Non-hits
843,Kris Allen,Heartless,Feeling Blue,Non-hits
844,Kris Allen,Heartless,Rainy Day,Non-hits
845,P!nk,Glitter In The Air,Introspection,Non-hits
846,P!nk,Glitter In The Air,Reflection,Non-hits
847,P!nk,Glitter In The Air,Solitude,Non-hits
848,Adam Lambert,Mad World,Feeling Blue,Non-hits
849,Adam Lambert,Mad World,Rainy Day,Non-hits
850,Beyonce,Love On Top,Happiness,Non-hits
851,Beyonce,Love On Top,In Love,Non-hits
852,Beyonce,Love On Top,Joy,Non-hits
853,John Mayer,Half Of My Heart,Feeling Blue,Non-hits
854,John Mayer,Half Of My Heart,Heartache,Non-hits
855,John Mayer,Half Of My Heart,Introspection,Non-hits
856,John Mayer,Half Of My Heart,Reflection,Non-hits
857,Justin Bieber,Favorite Girl,In Love,Non-hits
858,Justin Bieber,Favorite Girl,Romantic Evening,Non-hits
859,Beyonce Featuring Kendrick Lamar,Freedom,Politics/Society,Non-hits
860,Beyonce Featuring Kendrick Lamar,Freedom,Protest,Non-hits
861,Beyonce Featuring Kendrick Lamar,Freedom,Revolutionary,Non-hits
862,Breaking Benjamin,I Will Not Bow,Heartache,Non-hits
863,Breaking Benjamin,I Will Not Bow,Jealousy,Non-hits
864,Breaking Benjamin,I Will Not Bow,Loss/Grief,Non-hits
865,Drake Featuring Lil Wayne & Young Jeezy,I'm Going In,Cool & Cocky,Non-hits
866,Drake Featuring Lil Wayne & Young Jeezy,I'm Going In,Guys Night Out,Non-hits
867,Drake Featuring Lil Wayne & Young Jeezy,I'm Going In,Motivation,Non-hits
868,Drake Featuring Lil Wayne & Young Jeezy,I'm Going In,Victory,Non-hits
869,David Bowie,Lazarus,Loneliness,Non-hits
870,Dean Martin,"Let It Snow, Let It Snow, Let It Snow",Christmas Party,Non-hits
871,Dean Martin,"Let It Snow, Let It Snow, Let It Snow",Holidays,Non-hits
872,Dean Martin,"Let It Snow, Let It Snow, Let It Snow",Winter,Non-hits
873,Dean Martin,"Let It Snow, Let It Snow, Let It Snow",Affection/Fondness,Non-hits
874,Dean Martin,"Let It Snow, Let It Snow, Let It Snow",Comfort,Non-hits
875,Dean Martin,"Let It Snow, Let It Snow, Let It Snow",In Love,Non-hits
876,Dean Martin,"Let It Snow, Let It Snow, Let It Snow",Introspection,Non-hits
877,Dean Martin,"Let It Snow, Let It Snow, Let It Snow",New Love,Non-hits
878,Usher Featuring Nicki Minaj,Lil Freak,Late Night,Non-hits
879,Usher Featuring Nicki Minaj,Lil Freak,Seduction,Non-hits
880,Usher Featuring Nicki Minaj,Lil Freak,Sex,Non-hits
881,Usher Featuring Nicki Minaj,Lil Freak,Mischievous,Non-hits
882,Usher Featuring Nicki Minaj,Lil Freak,In Love,Non-hits
883,Jose Feliciano,Feliz Navidad,Christmas Party,Non-hits
884,Jose Feliciano,Feliz Navidad,Holidays,Non-hits
885,Jose Feliciano,Feliz Navidad,Partying,Non-hits
886,"Sheryl Crow, Kid Rock & Keith Urban",Lean On Me,Comfort,Non-hits
887,"Sheryl Crow, Kid Rock & Keith Urban",Lean On Me,Feeling Blue,Non-hits
888,Beyonce,Love Drought,Hope,Non-hits
889,Beyonce,Love Drought,In Love,Non-hits
890,Beyonce,Love Drought,Regret,Non-hits
891,Justin Timberlake & Matt Morris Featuring Charlie Sexton,Hallelujah,Comfort,Non-hits
892,Justin Timberlake & Matt Morris Featuring Charlie Sexton,Hallelujah,Rainy Day,Non-hits
893,Justin Timberlake & Matt Morris Featuring Charlie Sexton,Hallelujah,Reflection,Non-hits
894,Justin Timberlake & Matt Morris Featuring Charlie Sexton,Hallelujah,Solitude,Non-hits
895,Andy Williams,It's The Most Wonderful Time Of The Year,Celebration,Non-hits
896,Leona Lewis,Happy,Empowering,Non-hits
897,Leona Lewis,Happy,Girls Night Out,Non-hits
898,Wham!,Last Christmas,Christmas Party,Non-hits
899,Wham!,Last Christmas,Feeling Blue,Non-hits
900,Wham!,Last Christmas,Heartache,Non-hits
901,Wham!,Last Christmas,Holidays,Non-hits
902,Wham!,Last Christmas,In Love,Non-hits
903,Wham!,Last Christmas,Loss/Grief,Non-hits
904,Wham!,Last Christmas,Partying,Non-hits
905,Wham!,Last Christmas,Reminiscing,Non-hits
906,Trey Songz Featuring Gucci Mane & Soulja Boy Tell'em,LOL :-),Late Night,Non-hits
907,Trey Songz Featuring Gucci Mane & Soulja Boy Tell'em,LOL :-),Seduction,Non-hits
908,Trey Songz Featuring Gucci Mane & Soulja Boy Tell'em,LOL :-),Sex,Non-hits
909,Trey Songz Featuring Gucci Mane & Soulja Boy Tell'em,LOL :-),Mischievous,Non-hits
910,Trey Songz Featuring Gucci Mane & Soulja Boy Tell'em,LOL :-),In Love,Non-hits
911,Chris Brown Featuring Lil Wayne & Swizz Beatz,I Can Transform Ya,Playful,Non-hits
912,Chris Brown Featuring Lil Wayne & Swizz Beatz,I Can Transform Ya,Seduction,Non-hits
913,Chris Brown Featuring Lil Wayne & Swizz Beatz,I Can Transform Ya,Day Driving,Non-hits
914,Chris Brown Featuring Lil Wayne & Swizz Beatz,I Can Transform Ya,Guys Night Out,Non-hits
915,Chris Brown Featuring Lil Wayne & Swizz Beatz,I Can Transform Ya,TGIF,Non-hits
916,Rascal Flatts,Forever,Affection/Fondness,Non-hits
917,Rascal Flatts,Forever,Reflection,Non-hits
918,Rascal Flatts,Forever,Reminiscing,Non-hits
919,Rascal Flatts,Forever,In Love,Non-hits
920,Alicia Keys,Empire State Of Mind (Part II) Broken Down,Empowering,Non-hits
921,Alicia Keys,Empire State Of Mind (Part II) Broken Down,Affirmation,Non-hits
922,Alicia Keys,Empire State Of Mind (Part II) Broken Down,Freedom,Non-hits
923,Alicia Keys,Empire State Of Mind (Part II) Broken Down,Motivation,Non-hits
924,Rascal Flatts,Love Who You Love,Affection/Fondness,Non-hits
925,Rascal Flatts,Love Who You Love,Comfort,Non-hits
926,Rascal Flatts,Love Who You Love,Reflection,Non-hits
927,Rascal Flatts,Love Who You Love,In Love,Non-hits
928,k.d. lang,Hallelujah (Vancouver Winter 2010 Version),Affirmation,Non-hits
929,k.d. lang,Hallelujah (Vancouver Winter 2010 Version),Rainy Day,Non-hits
930,k.d. lang,Hallelujah (Vancouver Winter 2010 Version),Reflection,Non-hits
931,k.d. lang,Hallelujah (Vancouver Winter 2010 Version),Sunday Afternoon,Non-hits
932,Susan Boyle,I Dreamed A Dream,Introspection,Non-hits
933,Susan Boyle,I Dreamed A Dream,Reminiscing,Non-hits
934,Susan Boyle,I Dreamed A Dream,Sunday Afternoon,Non-hits
935,Susan Boyle,I Dreamed A Dream,Affection/Fondness,Non-hits
936,Susan Boyle,I Dreamed A Dream,At the Office,Non-hits
937,Susan Boyle,I Dreamed A Dream,Dinner Ambiance,Non-hits
938,Susan Boyle,I Dreamed A Dream,Rainy Day,Non-hits
939,Susan Boyle,I Dreamed A Dream,Relaxation,Non-hits
940,Lil Wayne,On Fire,Girls Night Out,Non-hits
941,Lil Wayne,On Fire,Sex,Non-hits
942,The All-American Rejects,I Wanna,In Love,Non-hits
943,Ginuwine,Last Chance,Heartache,Non-hits
944,Ginuwine,Last Chance,In Love,Non-hits
945,Ginuwine,Last Chance,Reflection,Non-hits
946,Ginuwine,Last Chance,Regret,Non-hits
947,Ginuwine,Last Chance,Seduction,Non-hits
948,Tim McGraw,Nothin' To Die For,Drinking,Non-hits
949,Tim McGraw,Nothin' To Die For,Feeling Blue,Non-hits
950,Tim McGraw,Nothin' To Die For,Introspection,Non-hits
951,Tim McGraw,Nothin' To Die For,Regret,Non-hits
952,Sean Kingston,Face Drop,Breakup,Non-hits
953,Sean Kingston,Face Drop,Guys Night Out,Non-hits
954,Maxwell,Fistful Of Tears,Feeling Blue,Non-hits
955,Maxwell,Fistful Of Tears,In Love,Non-hits
956,Maxwell,Fistful Of Tears,Solitude,Non-hits
957,Maxwell,Fistful Of Tears,Comfort,Non-hits
958,Maxwell,Fistful Of Tears,Heartache,Non-hits
959,Maxwell,Fistful Of Tears,Late Night,Non-hits
960,Maxwell,Fistful Of Tears,Reflection,Non-hits
961,Colbie Caillat,I Never Told You,Introspection,Non-hits
962,Colbie Caillat,I Never Told You,Reflection,Non-hits
963,Colbie Caillat,I Never Told You,Regret,Non-hits
964,Train,If It's Love,Comfort,Non-hits
965,Train,If It's Love,In Love,Non-hits
966,Train,If It's Love,Reflection,Non-hits
967,Blake Shelton Featuring Trace Adkins,Hillbilly Bone,Day Driving,Non-hits
968,Blake Shelton Featuring Trace Adkins,Hillbilly Bone,Hanging Out,Non-hits
969,Blake Shelton Featuring Trace Adkins,Hillbilly Bone,Road Trip,Non-hits
970,Dierks Bentley,I Wanna Make You Close Your Eyes,In Love,Non-hits
971,Dierks Bentley,I Wanna Make You Close Your Eyes,Relaxation,Non-hits
972,Dierks Bentley,I Wanna Make You Close Your Eyes,Romantic Evening,Non-hits
973,Jeremih,Imma Star (Everywhere We Are),Club,Non-hits
974,Jeremih,Imma Star (Everywhere We Are),Cool & Cocky,Non-hits
975,Jeremih,Imma Star (Everywhere We Are),Partying,Non-hits
976,Jeremih,Imma Star (Everywhere We Are),Mischievous,Non-hits
977,Montgomery Gentry,One In Every Crowd,Celebration,Non-hits
978,Montgomery Gentry,One In Every Crowd,Drinking,Non-hits
979,Montgomery Gentry,One In Every Crowd,Guys Night Out,Non-hits
980,Mary J. Blige,I Am,In Love,Non-hits
981,Mary J. Blige,I Am,Introspection,Non-hits
982,Mary J. Blige,I Am,Romantic Evening,Non-hits
983,Ciara Featuring Justin Timberlake,Love Sex Magic,Club,Non-hits
984,Ciara Featuring Justin Timberlake,Love Sex Magic,Seduction,Non-hits
985,Ciara Featuring Justin Timberlake,Love Sex Magic,Sex,Non-hits
986,Ciara Featuring Justin Timberlake,Love Sex Magic,In Love,Non-hits
987,Ciara Featuring Justin Timberlake,Love Sex Magic,Exercise/Workout,Non-hits
988,Trey Songz Featuring Drake,I Invented Sex,Late Night,Non-hits
989,Trey Songz Featuring Drake,I Invented Sex,Seduction,Non-hits
990,Trey Songz Featuring Drake,I Invented Sex,Sex,Non-hits
991,Trey Songz Featuring Drake,I Invented Sex,Mischievous,Non-hits
992,Trey Songz Featuring Drake,I Invented Sex,In Love,Non-hits
993,P!nk,Funhouse,Empowering,Non-hits
994,P!nk,Funhouse,Girls Night Out,Non-hits
995,P!nk,Funhouse,Motivation,Non-hits
996,Mims,Move (If You 'W'anna),Club,Non-hits
997,Mims,Move (If You 'W'anna),Guys Night Out,Non-hits
998,Mims,Move (If You 'W'anna),Partying,Non-hits
999,Mims,Move (If You 'W'anna),TGIF,Non-hits
1000,Mims,Move (If You 'W'anna),Cool & Cocky,Non-hits
1001,Theory Of A Deadman,Not Meant To Be,Cool & Cocky,Non-hits
1002,Theory Of A Deadman,Not Meant To Be,Guys Night Out,Non-hits
1003,Theory Of A Deadman,Not Meant To Be,Jealousy,Non-hits
1004,Ciara Featuring Young Jeezy,Never Ever,Empowering,Non-hits
1005,Ciara Featuring Young Jeezy,Never Ever,Freedom,Non-hits
1006,Ciara Featuring Young Jeezy,Never Ever,Girls Night Out,Non-hits
1007,Ciara Featuring Young Jeezy,Never Ever,Heartache,Non-hits
1008,Ciara Featuring Young Jeezy,Never Ever,Comfort,Non-hits
1009,Craig Morgan,Bonfire,Celebration,Non-hits
1010,Craig Morgan,Bonfire,Drinking,Non-hits
1011,Juice WRLD,All Girls Are The Same,Breakup,Non-hits
1012,Juice WRLD,All Girls Are The Same,Heartbreak,Non-hits
1013,Pitbull Featuring Akon,Shut It Down,Club,Non-hits
1014,Pitbull Featuring Akon,Shut It Down,Cool & Cocky,Non-hits
1015,Pitbull Featuring Akon,Shut It Down,Guys Night Out,Non-hits
1016,Pitbull Featuring Akon,Shut It Down,Mischievous,Non-hits
1017,Pitbull Featuring Akon,Shut It Down,Partying,Non-hits
1018,Pitbull Featuring Akon,Shut It Down,TGIF,Non-hits
1019,Blake Shelton,She Wouldn't Be Gone,Breakup,Non-hits
1020,Blake Shelton,She Wouldn't Be Gone,Heartache,Non-hits
1021,Blake Shelton,She Wouldn't Be Gone,Jealousy,Non-hits
1022,Blake Shelton,She Wouldn't Be Gone,Reflection,Non-hits
1023,Blake Shelton,She Wouldn't Be Gone,Regret,Non-hits
1024,Rihanna,Russian Roulette,Breakup,Non-hits
1025,Rihanna,Russian Roulette,Girls Night Out,Non-hits
1026,Rihanna,Russian Roulette,Partying,Non-hits
1027,Rihanna,Russian Roulette,Seduction,Non-hits
1028,Keith Urban,'Til Summer Comes Around,Affection/Fondness,Non-hits
1029,Keith Urban,'Til Summer Comes Around,Introspection,Non-hits
1030,Keith Urban,'Til Summer Comes Around,Reflection,Non-hits
1031,Jake Owen,Don't Think I Can't Love You,Mischievous,Non-hits
1032,Jake Owen,Don't Think I Can't Love You,Motivation,Non-hits
1033,Jake Owen,Don't Think I Can't Love You,Reflection,Non-hits
1034,Jake Owen,Don't Think I Can't Love You,Comfort,Non-hits
1035,Jake Owen,Don't Think I Can't Love You,Empowering,Non-hits
1036,Jake Owen,Don't Think I Can't Love You,Freedom,Non-hits
1037,Jake Owen,Don't Think I Can't Love You,Introspection,Non-hits
1038,Jake Owen,Don't Think I Can't Love You,Affirmation,Non-hits
1039,Kenny Chesney,Ain't Back Yet,Reflection,Non-hits
1040,Kenny Chesney,Ain't Back Yet,Reminiscing,Non-hits
1041,George Strait,The Breath You Take,Family Gatherings,Non-hits
1042,George Strait,The Breath You Take,Reflection,Non-hits
1043,George Strait,The Breath You Take,Reminiscing,Non-hits
1044,Alan Jackson,Sissy's Song,Heartache,Non-hits
1045,Alan Jackson,Sissy's Song,Loss/Grief,Non-hits
1046,Alan Jackson,Sissy's Song,Reflection,Non-hits
1047,Alan Jackson,Sissy's Song,Reminiscing,Non-hits
1048,Maxwell,Bad Habits,Late Night,Non-hits
1049,Maxwell,Bad Habits,Romantic Evening,Non-hits
1050,Maxwell,Bad Habits,Sex,Non-hits
1051,Maxwell,Bad Habits,Heartache,Non-hits
1052,Maxwell,Bad Habits,Comfort,Non-hits
1053,Maxwell,Bad Habits,Regret,Non-hits
1054,Maxwell,Bad Habits,Seduction,Non-hits
1055,Plies Featuring Chris J,Put It On Ya,Seduction,Non-hits
1056,Plies Featuring Chris J,Put It On Ya,Sex,Non-hits
1057,Kings Of Leon,Sex On Fire,Late Night,Non-hits
1058,Kings Of Leon,Sex On Fire,In Love,Non-hits
1059,Kings Of Leon,Sex On Fire,Sex,Non-hits
1060,Rob Thomas,Someday,Feeling Blue,Non-hits
1061,Rob Thomas,Someday,Heartache,Non-hits
1062,Rob Thomas,Someday,Regret,Non-hits
1063,Zendaya,Replay,Celebration,Non-hits
1064,Zendaya,Replay,Girls Night Out,Non-hits
1065,Zendaya,Replay,Partying,Non-hits
1066,Beyonce,Dance For You,In Love,Non-hits
1067,Beyonce,Dance For You,Seduction,Non-hits
1068,Beyonce,Dance For You,Sex,Non-hits
1069,Lifehouse,Broken,Feeling Blue,Non-hits
1070,Lifehouse,Broken,Heartache,Non-hits
1071,Lifehouse,Broken,In Love,Non-hits
1072,Lifehouse,Broken,Introspection,Non-hits
1073,Lifehouse,Broken,Reflection,Non-hits
1074,Lifehouse,Broken,Regret,Non-hits
1075,Lifehouse,Broken,Solitude,Non-hits
1076,Eli Young Band,Always The Love Songs,In Love,Non-hits
1077,Three Days Grace,Break,Empowering,Non-hits
1078,Three Days Grace,Break,Motivation,Non-hits
1079,Three Days Grace,Break,Victory,Non-hits
1080,F.L.Y. (Fast Life Yungstaz),Swag Surfin',Guys Night Out,Non-hits
1081,F.L.Y. (Fast Life Yungstaz),Swag Surfin',Club,Non-hits
1082,F.L.Y. (Fast Life Yungstaz),Swag Surfin',Partying,Non-hits
1083,F.L.Y. (Fast Life Yungstaz),Swag Surfin',TGIF,Non-hits
1084,Train,"Save Me, San Francisco",Day Driving,Non-hits
1085,Train,"Save Me, San Francisco",Hanging Out,Non-hits
1086,Train,"Save Me, San Francisco",TGIF,Non-hits
1087,Alicia Keys,Doesn't Mean Anything,Breakup,Non-hits
1088,Alicia Keys,Doesn't Mean Anything,Heartache,Non-hits
1089,Alicia Keys,Doesn't Mean Anything,Reflection,Non-hits
1090,Alicia Keys,Doesn't Mean Anything,Regret,Non-hits
1091,Alicia Keys,Doesn't Mean Anything,Solitude,Non-hits
1092,David Cook,Come Back To Me,Breakup,Non-hits
1093,David Cook,Come Back To Me,Heartache,Non-hits
1094,David Cook,Come Back To Me,In Love,Non-hits
1095,David Cook,Come Back To Me,Solitude,Non-hits
1096,Kris Allen,Apologize,Heartache,Non-hits
1097,Kris Allen,Apologize,Breakup,Non-hits
1098,Kris Allen,Apologize,D-I-V-O-R-C-E,Non-hits
1099,B.o.B,Don't Let Me Fall,Motivation,Non-hits
1100,B.o.B,Don't Let Me Fall,Victory,Non-hits
1101,B.o.B,Don't Let Me Fall,Day Driving,Non-hits
1102,B.o.B,Don't Let Me Fall,Cool & Cocky,Non-hits
1103,Chris Brown,Crawl,Heartache,Non-hits
1104,Chris Brown,Crawl,In Love,Non-hits
1105,Chris Brown,Crawl,Victory,Non-hits
1106,The Fray,Absolute,Comfort,Non-hits
1107,The Fray,Absolute,Introspection,Non-hits
1108,The Fray,Absolute,Solitude,Non-hits
1109,The Fray,Absolute,Heartache,Non-hits
1110,The Fray,Absolute,In Love,Non-hits
1111,Avril Lavigne,Alice,Empowering,Non-hits
1112,Taylor Swift,Crazier,Comfort,Non-hits
1113,Taylor Swift,Crazier,In Love,Non-hits
1114,Taylor Swift,Crazier,New Love,Non-hits
1115,Taylor Swift,Crazier,Romantic Evening,Non-hits
1116,Miley Cyrus & Billy Ray Cyrus,Butterfly Fly Away,Family Gatherings,Non-hits
1117,Miley Cyrus & Billy Ray Cyrus,Butterfly Fly Away,Introspection,Non-hits
1118,Miley Cyrus & Billy Ray Cyrus,Butterfly Fly Away,Reflection,Non-hits
1119,Lady Antebellum,Ready To Love Again,Affection/Fondness,Non-hits
1120,Lady Antebellum,Ready To Love Again,In Love,Non-hits
1121,B.o.B Featuring T.I. & Playboy Tre,Bet I,Cool & Cocky,Non-hits
1122,B.o.B Featuring T.I. & Playboy Tre,Bet I,Partying,Non-hits
1123,B.o.B Featuring T.I. & Playboy Tre,Bet I,TGIF,Non-hits
1124,B.o.B Featuring T.I. & Playboy Tre,Bet I,Victory,Non-hits
1125,Rihanna,Rehab,Feeling Blue,Non-hits
1126,Rihanna,Rehab,Reflection,Non-hits
1127,Rihanna,Rehab,Solitude,Non-hits
1128,Rihanna,Rehab,Heartache,Non-hits
1129,Carrie Underwood,Cowboy Casanova,Girls Night Out,Non-hits
1130,Carrie Underwood,Cowboy Casanova,New Love,Non-hits
1131,Carrie Underwood,Cowboy Casanova,Partying,Non-hits
1132,Beyonce Featuring James Blake,Forward,Feeling Blue,Non-hits
1133,Beyonce Featuring James Blake,Forward,Loss/Grief,Non-hits
1134,Beyonce Featuring James Blake,Forward,Pain,Non-hits
1135,Cobra Starship,Hot Mess,Cool & Cocky,Non-hits
1136,Cobra Starship,Hot Mess,Drinking,Non-hits
1137,Cobra Starship,Hot Mess,Late Night,Non-hits
1138,Mariah Carey,I Want To Know What Love Is,In Love,Non-hits
1139,Mariah Carey,I Want To Know What Love Is,New Love,Non-hits
1140,3OH!3,Hit It Again,Seduction,Non-hits
1141,3OH!3,Hit It Again,Sex,Non-hits
1142,3OH!3,Hit It Again,Romantic Evening,Non-hits
1143,Paramore,Ignorance,Breakup,Non-hits
1144,Janet Featuring J. Cole,No Sleeep,In Love,Non-hits
1145,Janet Featuring J. Cole,No Sleeep,Late Night,Non-hits
1146,Janet Featuring J. Cole,No Sleeep,Seduction,Non-hits
1147,Taylor Swift,New Romantics,Freedom,Non-hits
1148,Taylor Swift,New Romantics,Girls Night Out,Non-hits
1149,Taylor Swift,New Romantics,Partying,Non-hits
1150,The Lonely Island,J**z In My Pants,Club,Non-hits
1151,The Lonely Island,J**z In My Pants,Guys Night Out,Non-hits
1152,The Lonely Island,J**z In My Pants,Mischievous,Non-hits
1153,Hannah Montana Featuring David Archuleta,I Wanna Know You,Hanging Out,Non-hits
1154,Hannah Montana Featuring David Archuleta,I Wanna Know You,In Love,Non-hits
1155,Whitney Houston,I Look To You,Comfort,Non-hits
1156,Whitney Houston,I Look To You,Empowering,Non-hits
1157,Whitney Houston,I Look To You,Rainy Day,Non-hits
1158,Avril Lavigne,Hello Kitty,Partying,Non-hits
1159,Avril Lavigne,Hello Kitty,Playful,Non-hits
1160,Avril Lavigne,Hello Kitty,Sex,Non-hits
1161,Martina McBride,I'm Gonna Love You Through It,Fear,Non-hits
1162,Martina McBride,I'm Gonna Love You Through It,Illness,Non-hits
1163,Martina McBride,I'm Gonna Love You Through It,Pain,Non-hits
1164,Mike Jones,Next To You,Cool & Cocky,Non-hits
1165,Mike Jones,Next To You,Guys Night Out,Non-hits
1166,Mike Jones,Next To You,Seduction,Non-hits
1167,Trace Adkins,Marry For Money,Cool & Cocky,Non-hits
1168,Trace Adkins,Marry For Money,Freedom,Non-hits
1169,Trace Adkins,Marry For Money,Guys Night Out,Non-hits
1170,Trace Adkins,Marry For Money,Playful,Non-hits
1171,Trace Adkins,Marry For Money,Wedding,Non-hits
1172,Darius Rucker,Alright,Hanging Out,Non-hits
1173,Darius Rucker,Alright,Sunday Afternoon,Non-hits
1174,Will Young,Leave Right Now,Feeling Blue,Non-hits
1175,Will Young,Leave Right Now,In Love,Non-hits
1176,Will Young,Leave Right Now,Loss/Grief,Non-hits
1177,Danny Gokey,My Best Days Are Ahead Of Me,Introspection,Non-hits
1178,Danny Gokey,My Best Days Are Ahead Of Me,Motivation,Non-hits
1179,Danny Gokey,My Best Days Are Ahead Of Me,Reflection,Non-hits
1180,Danny Gokey,My Best Days Are Ahead Of Me,Reminiscing,Non-hits
1181,Demi Lovato,La La Land,Girls Night Out,Non-hits
1182,Demi Lovato,La La Land,Partying,Non-hits
1183,Jonas Brothers,Fly With Me,Affection/Fondness,Non-hits
1184,Jonas Brothers,Fly With Me,Club,Non-hits
1185,Jonas Brothers,Fly With Me,Girls Night Out,Non-hits
1186,Jonas Brothers,Fly With Me,Guys Night Out,Non-hits
1187,Jonas Brothers,Love Is On Its Way,Girls Night Out,Non-hits
1188,Jonas Brothers,Love Is On Its Way,Affection/Fondness,Non-hits
1189,Jonas Brothers,Love Is On Its Way,Comfort,Non-hits
1190,Jonas Brothers,Love Is On Its Way,New Love,Non-hits
1191,Jonas Brothers,Love Is On Its Way,Summer,Non-hits
1192,Adam Lambert,For Your Entertainment,Club,Non-hits
1193,Adam Lambert,For Your Entertainment,Late Night,Non-hits
1194,Adam Lambert,For Your Entertainment,Seduction,Non-hits
1195,Taylor Swift,Never Grow Up,Children,Non-hits
1196,Taylor Swift,Never Grow Up,Family,Non-hits
1197,Taylor Swift,Never Grow Up,Parenthood,Non-hits
1198,Miranda Cosgrove,Kissin U,Day Driving,Non-hits
1199,Miranda Cosgrove,Kissin U,In Love,Non-hits
1200,Thirty Seconds To Mars,Kings And Queens,Day Driving,Non-hits
1201,Thirty Seconds To Mars,Kings And Queens,Motivation,Non-hits
1202,Thirty Seconds To Mars,Kings And Queens,Victory,Non-hits
1203,Janet & Daddy Yankee,Made For Now,Celebration,Non-hits
1204,Janet & Daddy Yankee,Made For Now,Empowering,Non-hits
1205,Janet & Daddy Yankee,Made For Now,Summer,Non-hits
1206,Mariah Carey Featuring YG,I Don't,At the Office,Non-hits
1207,Mariah Carey Featuring YG,I Don't,Breakup,Non-hits
1208,Mariah Carey Featuring YG,I Don't,Feeling Blue,Non-hits
1209,Mariah Carey Featuring YG,I Don't,Heartache,Non-hits
1210,Mariah Carey Featuring YG,I Don't,Relaxation,Non-hits
1211,Mariah Carey Featuring YG,I Don't,Slow Dance,Non-hits
1212,Mariah Carey Featuring YG,I Don't,In Love,Non-hits
1213,Mariah Carey Featuring YG,I Don't,Comfort,Non-hits
1214,Zedd & Elley Duhe,Happy Now,Heartbreak,Non-hits
1215,Zedd & Elley Duhe,Happy Now,Nighttime,Non-hits
1216,Zedd & Elley Duhe,Happy Now,Pain,Non-hits
1217,"Rick Ross Featuring Kanye West, T-Pain & Lil' Wayne",Maybach Music 2,Guys Night Out,Non-hits
1218,"Rick Ross Featuring Kanye West, T-Pain & Lil' Wayne",Maybach Music 2,Motivation,Non-hits
1219,Jason Mraz,If It Kills Me,Affection/Fondness,Non-hits
1220,Jason Mraz,If It Kills Me,Heartache,Non-hits
1221,Jason Mraz,If It Kills Me,New Love,Non-hits
1222,Eddie Vedder,My City Of Ruins (Live From The Kennedy Center Honors),Comfort,Non-hits
1223,Eddie Vedder,My City Of Ruins (Live From The Kennedy Center Honors),Feeling Blue,Non-hits
1224,Eddie Vedder,My City Of Ruins (Live From The Kennedy Center Honors),Introspection,Non-hits
1225,Eddie Vedder,My City Of Ruins (Live From The Kennedy Center Honors),Loss/Grief,Non-hits
1226,Leona Lewis,I Will Be,Heartache,Non-hits
1227,Leona Lewis,I Will Be,Regret,Non-hits
1228,Leona Lewis,I Will Be,Relaxation,Non-hits
1229,Leona Lewis,I Will Be,Romantic Evening,Non-hits
1230,Leona Lewis,I Will Be,Sweet Dreams,Non-hits
1231,Leona Lewis,I Will Be,In Love,Non-hits
1232,Leona Lewis,I Will Be,Empowering,Non-hits
1233,Leona Lewis,I Will Be,Girls Night Out,Non-hits
1234,Keith Urban,I'm In,Affection/Fondness,Non-hits
1235,Keith Urban,I'm In,In Love,Non-hits
1236,Keith Urban,I'm In,New Love,Non-hits
1237,Kris Allen,Falling Slowly,Comfort,Non-hits
1238,Kris Allen,Falling Slowly,Heartache,Non-hits
1239,Kris Allen,Falling Slowly,Introspection,Non-hits
1240,Kris Allen,Falling Slowly,Romantic Evening,Non-hits
1241,Asher Roth,Lark On My Go-Kart,Drinking,Non-hits
1242,Asher Roth,Lark On My Go-Kart,Guys Night Out,Non-hits
1243,Asher Roth,Lark On My Go-Kart,Partying,Non-hits
1244,Asher Roth,Lark On My Go-Kart,TGIF,Non-hits
1245,Dierks Bentley,Feel That Fire,Day Driving,Non-hits
1246,Dierks Bentley,Feel That Fire,In Love,Non-hits
1247,Dierks Bentley,Feel That Fire,Partying,Non-hits
1248,Lady Antebellum,Lookin' For A Good Time,Dance Party,Non-hits
1249,Lady Antebellum,Lookin' For A Good Time,Good Times,Non-hits
1250,Lady Antebellum,Lookin' For A Good Time,Partying,Non-hits
1251,Flo Rida Featuring Ne-Yo,Be On You,Romantic Evening,Non-hits
1252,Flo Rida Featuring Ne-Yo,Be On You,Seduction,Non-hits
1253,Flo Rida Featuring Ne-Yo,Be On You,Sex,Non-hits
1254,Christopher Wilde,StarStruck,Girls Night Out,Non-hits
1255,Christopher Wilde,StarStruck,Partying,Non-hits
1256,Christopher Wilde,StarStruck,Playful,Non-hits
1257,Christopher Wilde,StarStruck,TGIF,Non-hits
1258,Fall Out Boy,America's Suitehearts,Empowering,Non-hits
1259,Fall Out Boy,America's Suitehearts,Guys Night Out,Non-hits
1260,Fall Out Boy,America's Suitehearts,Introspection,Non-hits
1261,Fall Out Boy,America's Suitehearts,Motivation,Non-hits
1262,Paramore,Careful,Breakup,Non-hits
1263,Paramore,Careful,Reunion,Non-hits
1264,David Bowie,Blackstar,Late Night,Non-hits
1265,David Bowie,Blackstar,Loss/Grief,Non-hits
1266,David Bowie,Blackstar,Memorial,Non-hits
1267,OneRepublic With Sara Bareilles,Come Home,Seduction,Non-hits
1268,OneRepublic With Sara Bareilles,Come Home,Sex,Non-hits
1269,Taylor Swift,All Too Well,Breakup,Non-hits
1270,Taylor Swift,All Too Well,Heartache,Non-hits
1271,Taylor Swift,All Too Well,Heartbreak,Non-hits
1272,Christopher Wilde & Anna Margaret,Something About The Sunshine,Vacation,Non-hits
1273,Christopher Wilde & Anna Margaret,Something About The Sunshine,Girls Night Out,Non-hits
1274,Christopher Wilde & Anna Margaret,Something About The Sunshine,Partying,Non-hits
1275,Christopher Wilde & Anna Margaret,Something About The Sunshine,Playful,Non-hits
1276,Christopher Wilde & Anna Margaret,Something About The Sunshine,TGIF,Non-hits
1277,"Game Featuring Chris Brown, Tyga, Wiz Khalifa & Lil Wayne",Celebration,Cool & Cocky,Non-hits
1278,"Game Featuring Chris Brown, Tyga, Wiz Khalifa & Lil Wayne",Celebration,Drinking,Non-hits
1279,"Game Featuring Chris Brown, Tyga, Wiz Khalifa & Lil Wayne",Celebration,Guys Night Out,Non-hits
1280,"Game Featuring Chris Brown, Tyga, Wiz Khalifa & Lil Wayne",Celebration,Hanging Out,Non-hits
1281,"Game Featuring Chris Brown, Tyga, Wiz Khalifa & Lil Wayne",Celebration,Late Night,Non-hits
1282,"Game Featuring Chris Brown, Tyga, Wiz Khalifa & Lil Wayne",Celebration,Night Driving,Non-hits
1283,"Game Featuring Chris Brown, Tyga, Wiz Khalifa & Lil Wayne",Celebration,Road Trip,Non-hits
1284,"Game Featuring Chris Brown, Tyga, Wiz Khalifa & Lil Wayne",Celebration,Scary Music,Non-hits
1285,Beyonce Featuring Nicki Minaj Or Chimamanda Ngozi Adichie,***Flawless,Celebration,Non-hits
1286,Beyonce Featuring Nicki Minaj Or Chimamanda Ngozi Adichie,***Flawless,Maverick,Non-hits
1287,Beyonce Featuring Nicki Minaj Or Chimamanda Ngozi Adichie,***Flawless,Revolutionary,Non-hits
1288,Five For Fighting,Chances,Reflection,Non-hits
1289,Five For Fighting,Chances,Reminiscing,Non-hits
1290,Five For Fighting,Chances,Sunday Afternoon,Non-hits
1291,Jesse McCartney Featuring T-Pain,Body Language,Club,Non-hits
1292,Jesse McCartney Featuring T-Pain,Body Language,Partying,Non-hits
1293,Jesse McCartney Featuring T-Pain,Body Language,Seduction,Non-hits
1294,Jesse McCartney Featuring T-Pain,Body Language,TGIF,Non-hits
1295,Mary Lambert,Secrets,Empowering,Non-hits
1296,Kelly Clarkson,People Like Us,Empowering,Non-hits
1297,Sugarland,Already Gone,Introspection,Non-hits
1298,Sugarland,Already Gone,Reflection,Non-hits
1299,Sugarland,Already Gone,Regret,Non-hits
1300,Beyonce,Countdown,In Love,Non-hits
1301,Beyonce,Countdown,Passion,Non-hits
1302,Beyonce,Countdown,Playful,Non-hits
1303,Little Big Town,Day Drinking,At the Beach,Non-hits
1304,Little Big Town,Day Drinking,Hanging Out,Non-hits
1305,Little Big Town,Day Drinking,Pool Party,Non-hits
1306,The Script,Superheroes,Friendship,Non-hits
1307,Antoine Dodson & The Gregory Brothers Featuring Kelly Dodson,Bed Intruder Song,Mischievous,Non-hits
1308,Antoine Dodson & The Gregory Brothers Featuring Kelly Dodson,Bed Intruder Song,Playful,Non-hits
1309,Antoine Dodson & The Gregory Brothers Featuring Kelly Dodson,Bed Intruder Song,The Creative Side,Non-hits
1310,John Rich,Shuttin' Detroit Down,Feeling Blue,Non-hits
1311,John Rich,Shuttin' Detroit Down,Politics/Society,Non-hits
1312,John Rich,Shuttin' Detroit Down,Reflection,Non-hits
1313,Birdman Featuring Drake & Lil Wayne,4 My Town (Play Ball),Cool & Cocky,Non-hits
1314,Birdman Featuring Drake & Lil Wayne,4 My Town (Play Ball),Guys Night Out,Non-hits
1315,Birdman Featuring Drake & Lil Wayne,4 My Town (Play Ball),TGIF,Non-hits
1316,Phoenix,1901,Comfort,Non-hits
1317,Phoenix,1901,Day Driving,Non-hits
1318,Phoenix,1901,Summer,Non-hits
1319,Carolina Liar,Show Me What I'm Looking For,Day Driving,Non-hits
1320,Carolina Liar,Show Me What I'm Looking For,Heartache,Non-hits
1321,Reba,Strange,Breakup,Non-hits
1322,Reba,Strange,Feeling Blue,Non-hits
1323,Reba,Strange,Heartache,Non-hits
1324,Creed,Rain,Reflection,Non-hits
1325,Creed,Rain,Regret,Non-hits
1326,Creed,Rain,Solitude,Non-hits
1327,Tim McGraw,Still,Background Music,Non-hits
1328,Tim McGraw,Still,Girls Night Out,Non-hits
1329,Tim McGraw,Still,Relaxation,Non-hits
1330,Tim McGraw,Still,Sunday Afternoon,Non-hits
1331,Thriving Ivory,Angels On The Moon,Feeling Blue,Non-hits
1332,Silversun Pickups,Panic Switch,Feeling Blue,Non-hits
1333,Silversun Pickups,Panic Switch,Introspection,Non-hits
1334,Silversun Pickups,Panic Switch,Reflection,Non-hits
1335,Silversun Pickups,Panic Switch,Solitude,Non-hits
1336,Cage The Elephant,Ain't No Rest For The Wicked,Late Night,Non-hits
1337,Cage The Elephant,Ain't No Rest For The Wicked,Hanging Out,Non-hits
1338,Cage The Elephant,Ain't No Rest For The Wicked,Drinking,Non-hits
1339,Carrie Underwood,Temporary Home,Affirmation,Non-hits
1340,Carrie Underwood,Temporary Home,Feeling Blue,Non-hits
1341,Carrie Underwood,Temporary Home,Reflection,Non-hits
1342,The White Tie Affair,Candle (Sick And Tired),Breakup,Non-hits
1343,Florence + The Machine,Dog Days Are Over,Affection/Fondness,Non-hits
1344,Florence + The Machine,Dog Days Are Over,Heartache,Non-hits
1345,Florence + The Machine,Dog Days Are Over,Late Night,Non-hits
1346,Florence + The Machine,Dog Days Are Over,Loss/Grief,Non-hits
1347,Madcon,Beggin',Breakup,Non-hits
1348,Madcon,Beggin',Heartache,Non-hits
1349,Madcon,Beggin',Club,Non-hits
1350,Mario,Ooh Baby,In Love,Non-hits
1351,Mario,Ooh Baby,New Love,Non-hits
1352,Mario,Ooh Baby,Romantic Evening,Non-hits
1353,Mario,Ooh Baby,Seduction,Non-hits
1354,P!nk,Beautiful Trauma,Cool & Cocky,Non-hits
1355,P!nk,Beautiful Trauma,Heartache,Non-hits
1356,P!nk,Beautiful Trauma,Yearning,Non-hits
1357,Natasha Bedingfield,Soulmate,Girls Night Out,Non-hits
1358,Natasha Bedingfield,Soulmate,In Love,Non-hits
1359,Natasha Bedingfield,Soulmate,New Love,Non-hits
1360,Natasha Bedingfield,Soulmate,Slow Dance,Non-hits
1361,Jaheim,Ain't Leavin Without You,In Love,Non-hits
1362,Jaheim,Ain't Leavin Without You,Romantic Evening,Non-hits
1363,Jaheim,Ain't Leavin Without You,Slow Dance,Non-hits
1364,Jaheim,Ain't Leavin Without You,Seduction,Non-hits
1365,Jaheim,Ain't Leavin Without You,Sex,Non-hits
1366,Toby Keith,Cryin' For Me (Wayman's Song),Loss/Grief,Non-hits
1367,The Killers,Human,Empowering,Non-hits
1368,The Killers,Human,Introspection,Non-hits
1369,The Killers,Human,Reflection,Non-hits
1370,Rascal Flatts,Here,Breakup,Non-hits
1371,Rascal Flatts,Here,Heartache,Non-hits
1372,Rascal Flatts,Here,Regret,Non-hits
1373,Rascal Flatts,Here,In Love,Non-hits
1374,The Pussycat Dolls Featuring Nicole Scherzinger,Hush Hush,Breakup,Non-hits
1375,The Pussycat Dolls Featuring Nicole Scherzinger,Hush Hush,Club,Non-hits
1376,The Pussycat Dolls Featuring Nicole Scherzinger,Hush Hush,Jealousy,Non-hits
1377,The Pussycat Dolls Featuring Nicole Scherzinger,Hush Hush,Late Night,Non-hits
1378,Martina McBride,I Just Call You Mine,Affection/Fondness,Non-hits
1379,Martina McBride,I Just Call You Mine,In Love,Non-hits
1380,Martina McBride,I Just Call You Mine,New Love,Non-hits
1381,Big Sean Featuring Jeremih,Light,Hanging Out,Non-hits
1382,Big Sean Featuring Jeremih,Light,Mischievous,Non-hits
1383,Big Sean Featuring Jeremih,Light,Playful,Non-hits
1384,Big Sean Featuring Jeremih,Light,The Creative Side,Non-hits
1385,Sugarland,Joey,Heartache,Non-hits
1386,Sugarland,Joey,Loss/Grief,Non-hits
1387,Sugarland,Joey,Reflection,Non-hits
1388,Kings Of Leon,Notion,Late Night,Non-hits
1389,Darius Rucker,History In The Making,Anniversary,Non-hits
1390,Darius Rucker,History In The Making,In Love,Non-hits
1391,Darius Rucker,History In The Making,New Love,Non-hits
1392,Jason Michael Carroll,Hurry Home,Feeling Blue,Non-hits
1393,Jason Michael Carroll,Hurry Home,Heartache,Non-hits
1394,Jason Michael Carroll,Hurry Home,Regret,Non-hits
1395,Beyonce Featuring Drake,Mine,Heartache,Non-hits
1396,Beyonce Featuring Drake,Mine,Jealousy,Non-hits
1397,Beyonce Featuring Drake,Mine,Separation,Non-hits
1398,Whitney Houston,Million Dollar Bill,Girls Night Out,Non-hits
1399,Whitney Houston,Million Dollar Bill,In Love,Non-hits
1400,Whitney Houston,Million Dollar Bill,New Love,Non-hits
1401,John Mayer,Heartbreak Warfare,Feeling Blue,Non-hits
1402,John Mayer,Heartbreak Warfare,Heartache,Non-hits
1403,John Mayer,Heartbreak Warfare,Introspection,Non-hits
1404,John Mayer,Heartbreak Warfare,Reflection,Non-hits
1405,Rob Thomas,Mockingbird,Affection/Fondness,Non-hits
1406,Rob Thomas,Mockingbird,Long Walk,Non-hits
1407,Rob Thomas,Mockingbird,Reflection,Non-hits
1408,Martina McBride,Ride,Comfort,Non-hits
1409,Martina McBride,Ride,In Love,Non-hits
1410,Martina McBride,Ride,Relaxation,Non-hits
1411,Musiq Soulchild,sobeautiful,In Love,Non-hits
1412,Keith Urban,Only You Can Love Me This Way,Affection/Fondness,Non-hits
1413,Keith Urban,Only You Can Love Me This Way,In Love,Non-hits
1414,Keith Urban,Only You Can Love Me This Way,Reflection,Non-hits
1415,Selena Gomez,Tell Me Something I Don't Know,Empowering,Non-hits
1416,The Veronicas,Take Me On The Floor,Cool & Cocky,Non-hits
1417,The Veronicas,Take Me On The Floor,Girls Night Out,Non-hits
1418,The Veronicas,Take Me On The Floor,Partying,Non-hits
1419,The Veronicas,Take Me On The Floor,Club,Non-hits
1420,Trace Adkins,All I Ask For Anymore,Introspection,Non-hits
1421,Trace Adkins,All I Ask For Anymore,Reflection,Non-hits
1422,Trace Adkins,All I Ask For Anymore,Solitude,Non-hits
1423,Kellie Pickler,Didn't You Know How Much I Loved You,Breakup,Non-hits
1424,Kellie Pickler,Didn't You Know How Much I Loved You,Heartache,Non-hits
1425,Kellie Pickler,Didn't You Know How Much I Loved You,Regret,Non-hits
1426,Kelly Clarkson,All I Ever Wanted,Empowering,Non-hits
1427,Kelly Clarkson,All I Ever Wanted,Girls Night Out,Non-hits
1428,Kelly Clarkson,All I Ever Wanted,Motivation,Non-hits
1429,Theory Of A Deadman,All Or Nothing,Cool & Cocky,Non-hits
1430,Theory Of A Deadman,All Or Nothing,Guys Night Out,Non-hits
1431,Theory Of A Deadman,All Or Nothing,Jealousy,Non-hits
1432,Billy Currington,That's How Country Boys Roll,Guys Night Out,Non-hits
1433,Billy Currington,That's How Country Boys Roll,Hanging Out,Non-hits
1434,Billy Currington,That's How Country Boys Roll,The Great Outdoors,Non-hits
1435,Brad Paisley,American Saturday Night,Road Trip,Non-hits
1436,Brad Paisley,American Saturday Night,Summer,Non-hits
1437,Brad Paisley,American Saturday Night,The Great Outdoors,Non-hits
1438,Hoodie Allen Featuring Ed Sheeran,All About It,Empowering,Non-hits
1439,Hoodie Allen Featuring Ed Sheeran,All About It,Maverick,Non-hits
1440,Hoodie Allen Featuring Ed Sheeran,All About It,The Creative Side,Non-hits
1441,Fall Out Boy,I Don't Care,Empowering,Non-hits
1442,Fall Out Boy,I Don't Care,Guys Night Out,Non-hits
1443,Fall Out Boy,I Don't Care,Motivation,Non-hits
1444,Fall Out Boy,I Don't Care,Partying,Non-hits
1445,Carrie Underwood,Just A Dream,Reflection,Non-hits
1446,Carrie Underwood,Just A Dream,Regret,Non-hits
1447,Carrie Underwood,Just A Dream,Reminiscing,Non-hits
1448,Gavin Rossdale,Love Remains The Same,Affection/Fondness,Non-hits
1449,Gavin Rossdale,Love Remains The Same,Freedom,Non-hits
1450,Gavin Rossdale,Love Remains The Same,Reunion,Non-hits
1451,Gavin Rossdale,Love Remains The Same,In Love,Non-hits
1452,Gavin Rossdale,Love Remains The Same,New Love,Non-hits
1453,George Strait,River Of Love,Affection/Fondness,Non-hits
1454,George Strait,River Of Love,In Love,Non-hits
1455,George Strait,River Of Love,Picnic,Non-hits
1456,George Strait,River Of Love,Relaxation,Non-hits
1457,David Archuleta,Crush,In Love,Non-hits
1458,David Archuleta,Crush,New Love,Non-hits
1459,Jonas Brothers,Tonight,Girls Night Out,Non-hits
1460,Jonas Brothers,Tonight,Introspection,Non-hits
1461,Jonas Brothers,Tonight,New Love,Non-hits
1462,Jonas Brothers,Tonight,Empowering,Non-hits
1463,Jonas Brothers,Tonight,Heartache,Non-hits
1464,Jonas Brothers,Tonight,In Love,Non-hits
1465,Jonas Brothers,Tonight,Reflection,Non-hits
1466,George Strait,Twang,Club,Non-hits
1467,George Strait,Twang,Partying,Non-hits
1468,George Strait,Twang,Summer,Non-hits
1469,Rascal Flatts,Unstoppable,Affirmation,Non-hits
1470,Rascal Flatts,Unstoppable,Comfort,Non-hits
1471,Rascal Flatts,Unstoppable,Reflection,Non-hits
1472,Taylor Swift,Untouchable,Affection/Fondness,Non-hits
1473,Taylor Swift,Untouchable,New Love,Non-hits
1474,Mariah Carey Featuring Nicki Minaj,Up Out My Face,D-I-V-O-R-C-E,Non-hits
1475,Mariah Carey Featuring Nicki Minaj,Up Out My Face,Breakup,Non-hits
1476,Mariah Carey Featuring Nicki Minaj,Up Out My Face,Girls Night Out,Non-hits
1477,Crystal Bowersox,Up To The Mountain,Partying,Non-hits
1478,Crystal Bowersox,Up To The Mountain,Playful,Non-hits
1479,Crystal Bowersox,Up To The Mountain,Summer,Non-hits
1480,Owl City,Vanilla Twilight,Introspection,Non-hits
1481,Owl City,Vanilla Twilight,Rainy Day,Non-hits
1482,Owl City,Vanilla Twilight,Solitude,Non-hits
1483,Owl City,Vanilla Twilight,Stay in Bed,Non-hits
1484,Beyonce Featuring Lady Gaga,Video Phone,Girls Night Out,Non-hits
1485,Beyonce Featuring Lady Gaga,Video Phone,Partying,Non-hits
1486,Beyonce Featuring Lady Gaga,Video Phone,Seduction,Non-hits
1487,Beyonce Featuring Lady Gaga,Video Phone,Sex,Non-hits
1488,Chris Young,Voices,Introspection,Non-hits
1489,Chris Young,Voices,Reflection,Non-hits
1490,Chris Young,Voices,Reminiscing,Non-hits
1491,Prince And The Revolution,Purple Rain,Night Driving,Non-hits
1492,Prince And The Revolution,Purple Rain,Prom,Non-hits
1493,Prince And The Revolution,Purple Rain,Romance,Non-hits
1494,Prince And The Revolution,Raspberry Beret,Day Driving,Non-hits
1495,Prince And The Revolution,Raspberry Beret,Hanging Out,Non-hits
1496,Prince And The Revolution,Raspberry Beret,Partying,Non-hits
1497,Prince And The Revolution,Raspberry Beret,Playful,Non-hits
1498,Prince And The Revolution,Raspberry Beret,Road Trip,Non-hits
1499,Prince And The Revolution,Raspberry Beret,Summer,Non-hits
1500,Prince And The Revolution,Raspberry Beret,TGIF,Non-hits
1501,Prince And The Revolution,Raspberry Beret,The Creative Side,Non-hits
1502,Wham! Featuring George Michael,Careless Whisper,Feeling Blue,Non-hits
1503,Wham! Featuring George Michael,Careless Whisper,Heartache,Non-hits
1504,Wham! Featuring George Michael,Careless Whisper,In Love,Non-hits
1505,Wham! Featuring George Michael,Careless Whisper,Late Night,Non-hits
1506,Wham! Featuring George Michael,Careless Whisper,Romantic Evening,Non-hits
1507,Wham! Featuring George Michael,Careless Whisper,Seduction,Non-hits
1508,Wham! Featuring George Michael,Careless Whisper,Sex,Non-hits
1509,Wham! Featuring George Michael,Careless Whisper,Slow Dance,Non-hits
1510,Leona Lewis,Better In Time,In Love,Non-hits
1511,Leona Lewis,Better In Time,Empowering,Non-hits
1512,Leona Lewis,Better In Time,Girls Night Out,Non-hits
1513,Adele,Chasing Pavements,Introspection,Non-hits
1514,Adele,Chasing Pavements,Reflection,Non-hits
1515,Adele,Chasing Pavements,Solitude,Non-hits
1516,Adele,Chasing Pavements,In Love,Non-hits
1517,Adele,Chasing Pavements,Motivation,Non-hits
1518,Theory Of A Deadman,Bad Girlfriend,Cool & Cocky,Non-hits
1519,Theory Of A Deadman,Bad Girlfriend,Guys Night Out,Non-hits
1520,Theory Of A Deadman,Bad Girlfriend,Jealousy,Non-hits
1521,Brenda Lee,Rockin' Around The Christmas Tree,Christmas Party,Non-hits
1522,Brenda Lee,Rockin' Around The Christmas Tree,Holidays,Non-hits
1523,Brenda Lee,Rockin' Around The Christmas Tree,Family Gatherings,Non-hits
1524,Brenda Lee,Rockin' Around The Christmas Tree,Celebration,Non-hits
1525,Brenda Lee,Rockin' Around The Christmas Tree,Relaxation,Non-hits
1526,Brenda Lee,Rockin' Around The Christmas Tree,Winter,Non-hits
1527,Brenda Lee,Rockin' Around The Christmas Tree,Small Gathering,Non-hits
1528,Brenda Lee,Rockin' Around The Christmas Tree,Seduction,Non-hits
1529,Prince,1999,Club,Non-hits
1530,Prince,1999,Cool & Cocky,Non-hits
1531,Prince,1999,Empowering,Non-hits
1532,Prince,1999,Freedom,Non-hits
1533,Prince,1999,Late Night,Non-hits
1534,Prince,1999,Maverick,Non-hits
1535,Prince,1999,Partying,Non-hits
1536,Prince,1999,Sex,Non-hits
1537,Chris Young,The Man I Want To Be,Introspection,Non-hits
1538,Chris Young,The Man I Want To Be,Reflection,Non-hits
1539,Chris Young,The Man I Want To Be,Reminiscing,Non-hits
1540,Taylor Swift,The Other Side Of The Door,Affection/Fondness,Non-hits
1541,Taylor Swift,The Other Side Of The Door,Girls Night Out,Non-hits
1542,Jason Michael Carroll,Where I'm From,Cool & Cocky,Non-hits
1543,Jason Michael Carroll,Where I'm From,Hanging Out,Non-hits
1544,Jason Michael Carroll,Where I'm From,Politics/Society,Non-hits
1545,Miranda Lambert,White Liar,Breakup,Non-hits
1546,Miranda Lambert,White Liar,Girls Night Out,Non-hits
1547,Nick Jonas & The Administration,Who I Am,Reflection,Non-hits
1548,Nick Jonas & The Administration,Who I Am,Heartache,Non-hits
1549,Nick Jonas & The Administration,Who I Am,Solitude,Non-hits
1550,Josh Turner,Why Don't We Just Dance,Politics/Society,Non-hits
1551,Gloriana,Wild At Heart,Freedom,Non-hits
1552,Gloriana,Wild At Heart,Hanging Out,Non-hits
1553,Gloriana,Wild At Heart,Summer,Non-hits
1554,Susan Boyle,Wild Horses,Introspection,Non-hits
1555,Susan Boyle,Wild Horses,Reminiscing,Non-hits
1556,Susan Boyle,Wild Horses,Sunday Afternoon,Non-hits
1557,Susan Boyle,Wild Horses,Affection/Fondness,Non-hits
1558,Susan Boyle,Wild Horses,Rainy Day,Non-hits
1559,Susan Boyle,Wild Horses,Relaxation,Non-hits
1560,Hinder,Without You,Breakup,Non-hits
1561,Hinder,Without You,Heartache,Non-hits
1562,Hinder,Without You,In Love,Non-hits
1563,Hinder,Without You,Introspection,Non-hits
1564,Hinder,Without You,Reflection,Non-hits
1565,Hinder,Without You,Regret,Non-hits
1566,Hinder,Without You,Freedom,Non-hits
1567,Paul McCartney,Wonderful Christmastime,Christmas Party,Non-hits
1568,Paul McCartney,Wonderful Christmastime,Holidays,Non-hits
1569,Paul McCartney,Wonderful Christmastime,Playful,Non-hits
1570,Paul McCartney,Wonderful Christmastime,Winter,Non-hits
1571,Paul McCartney,Wonderful Christmastime,Celebration,Non-hits
1572,Bruce Springsteen,Working On A Dream,Day Driving,Non-hits
1573,Bruce Springsteen,Working On A Dream,Freedom,Non-hits
1574,Bruce Springsteen,Working On A Dream,Hanging Out,Non-hits
1575,Martina McBride,Wrong Baby Wrong,Breakup,Non-hits
1576,Martina McBride,Wrong Baby Wrong,Freedom,Non-hits
1577,Martina McBride,Wrong Baby Wrong,Girls Night Out,Non-hits
1578,Beyonce,XO,In Love,Non-hits
1579,Beyonce,XO,Playful,Non-hits
1580,Beyonce,XO,Romance,Non-hits
1581,K'Naan,Wavin' Flag,Revolutionary,Non-hits
1582,K'Naan,Wavin' Flag,Empowering,Non-hits
1583,K'Naan,Wavin' Flag,Motivation,Non-hits
1584,K'Naan,Wavin' Flag,Politics/Society,Non-hits
1585,K'Naan,Wavin' Flag,Freedom,Non-hits
1586,Bon Jovi,We Weren't Born To Follow,Exercise/Workout,Non-hits
1587,Bon Jovi,We Weren't Born To Follow,Freedom,Non-hits
1588,Bon Jovi,We Weren't Born To Follow,Motivation,Non-hits
1589,Brad Paisley,Welcome To The Future,Introspection,Non-hits
1590,Brad Paisley,Welcome To The Future,Reflection,Non-hits
1591,Brad Paisley,Welcome To The Future,Reminiscing,Non-hits
1592,Brad Paisley,Welcome To The Future,Road Trip,Non-hits
1593,Daughtry,What About Now,Breakup,Non-hits
1594,Daughtry,What About Now,Empowering,Non-hits
1595,Daughtry,What About Now,Hanging Out,Non-hits
1596,Daughtry,What About Now,Heartache,Non-hits
1597,Daughtry,What About Now,Loss/Grief,Non-hits
1598,Daughtry,What About Now,Reflection,Non-hits
1599,Daughtry,What About Now,Regret,Non-hits
1600,Russ,What They Want,Happiness,Non-hits
1601,Russ,What They Want,Mischievous,Non-hits
1602,Russ,What They Want,Sex,Non-hits
1603,Foo Fighters,Wheels,Comfort,Non-hits
1604,Foo Fighters,Wheels,Long Walk,Non-hits
1605,Foo Fighters,Wheels,Rainy Day,Non-hits
1606,Foo Fighters,Wheels,Reflection,Non-hits
1607,Miley Cyrus,When I Look At You,Affirmation,Non-hits
1608,Miley Cyrus,When I Look At You,Comfort,Non-hits
1609,Miley Cyrus,When I Look At You,Introspection,Non-hits
1610,Miley Cyrus,When I Look At You,Reflection,Non-hits
1611,Miley Cyrus,When I Look At You,Solitude,Non-hits
1612,David Guetta Featuring Kelly Rowland,When Love Takes Over,Club,Non-hits
1613,David Guetta Featuring Kelly Rowland,When Love Takes Over,Day Driving,Non-hits
1614,David Guetta Featuring Kelly Rowland,When Love Takes Over,Exercise/Workout,Non-hits
1615,David Guetta Featuring Kelly Rowland,When Love Takes Over,In Love,Non-hits
1616,David Guetta Featuring Kelly Rowland,When Love Takes Over,New Love,Non-hits
1617,Jason Aldean,The Truth,Breakup,Non-hits
1618,Fitz And The Tantrums,The Walker,Reminiscing,Non-hits
1619,Fitz And The Tantrums,The Walker,Early Morning,Non-hits
1620,Fitz And The Tantrums,The Walker,The Great Outdoors,Non-hits
1621,Rascal Flatts,Things That Matter,Feeling Blue,Non-hits
1622,Rascal Flatts,Things That Matter,Reflection,Non-hits
1623,Rascal Flatts,Things That Matter,Regret,Non-hits
1624,Rascal Flatts,Things That Matter,Reminiscing,Non-hits
1625,Chris Young Duet With Cassadee Pope,Think Of You,Girls Night Out,Non-hits
1626,Chris Young Duet With Cassadee Pope,Think Of You,Comfort,Non-hits
1627,Chris Young Duet With Cassadee Pope,Think Of You,Day Driving,Non-hits
1628,Chris Young Duet With Cassadee Pope,Think Of You,Exercise/Workout,Non-hits
1629,Chris Young Duet With Cassadee Pope,Think Of You,In Love,Non-hits
1630,Chris Young Duet With Cassadee Pope,Think Of You,New Love,Non-hits
1631,Chris Young Duet With Cassadee Pope,Think Of You,Summer,Non-hits
1632,Katy Perry,Thinking Of You,Girls Night Out,Non-hits
1633,Katy Perry,Thinking Of You,Mischievous,Non-hits
1634,Thirty Seconds To Mars,This Is War,Victory,Non-hits
1635,Thirty Seconds To Mars,This Is War,Introspection,Non-hits
1636,Thirty Seconds To Mars,This Is War,Motivation,Non-hits
1637,Thirty Seconds To Mars,This Is War,Politics/Society,Non-hits
1638,Adam Lambert,Time For Miracles,In Love,Non-hits
1639,Adam Lambert,Time For Miracles,Reflection,Non-hits
1640,Taylor Swift,Fifteen,Empowering,Non-hits
1641,Taylor Swift,Fifteen,Reflection,Non-hits
1642,Taylor Swift,Fifteen,School,Non-hits
1643,DJ Khaled Featuring Kanye West & T-Pain,Go Hard,Partying,Non-hits
1644,Taylor Swift,Fearless,Empowering,Non-hits
1645,Taylor Swift,Fearless,Motivation,Non-hits
1646,Taylor Swift,Fearless,Victory,Non-hits
1647,David Cook,Light On,Breakup,Non-hits
1648,David Cook,Light On,Feeling Blue,Non-hits
1649,Jonas Brothers,Lovebug,Girls Night Out,Non-hits
1650,Jonas Brothers,Lovebug,Affection/Fondness,Non-hits
1651,Jonas Brothers,Lovebug,Heartache,Non-hits
1652,Jonas Brothers,Lovebug,In Love,Non-hits
1653,Jonas Brothers,Lovebug,Introspection,Non-hits
1654,Jonas Brothers,Lovebug,New Love,Non-hits
1655,Jonas Brothers,Lovebug,Reflection,Non-hits
1656,Prince And The Revolution,I Would Die 4 U,Pain,Non-hits
1657,Prince And The Revolution,I Would Die 4 U,Peace,Non-hits
1658,Prince And The Revolution,I Would Die 4 U,Victory,Non-hits
1659,Whitney Houston,I Wanna Dance With Somebody (Who Loves Me),New Love,Non-hits
1660,Whitney Houston,I Wanna Dance With Somebody (Who Loves Me),In Love,Non-hits
1661,Whitney Houston,I Wanna Dance With Somebody (Who Loves Me),Girls Night Out,Non-hits
1662,Whitney Houston,I Wanna Dance With Somebody (Who Loves Me),Club,Non-hits
1663,Whitney Houston,I Wanna Dance With Somebody (Who Loves Me),Partying,Non-hits
1664,Whitney Houston,I Wanna Dance With Somebody (Who Loves Me),TGIF,Non-hits
1665,Whitney Houston,Greatest Love Of All,Birth,Non-hits
1666,Whitney Houston,Greatest Love Of All,New Love,Non-hits
1667,Whitney Houston,Greatest Love Of All,Affection/Fondness,Non-hits
1668,Whitney Houston,Greatest Love Of All,In Love,Non-hits
1669,Whitney Houston,Greatest Love Of All,Empowering,Non-hits
1670,Whitney Houston,Greatest Love Of All,Motivation,Non-hits
1671,Whitney Houston,Greatest Love Of All,Sunday Afternoon,Non-hits
1672,Prince And The Revolution,Let's Go Crazy,Empowering,Non-hits
1673,Prince And The Revolution,Let's Go Crazy,Freedom,Non-hits
1674,Prince And The Revolution,Let's Go Crazy,Late Night,Non-hits
1675,Prince And The Revolution,Let's Go Crazy,Partying,Non-hits
1676,Prince And The Revolution,Let's Go Crazy,Summer,Non-hits
1677,Prince And The Revolution,Let's Go Crazy,TGIF,Non-hits
1678,Prince And The Revolution,Let's Go Crazy,Cool & Cocky,Non-hits
1679,Prince And The Revolution,Let's Go Crazy,Motivation,Non-hits
1680,Bon Jovi,Livin' On A Prayer,Empowering,Non-hits
1681,Bon Jovi,Livin' On A Prayer,Freedom,Non-hits
1682,Bon Jovi,Livin' On A Prayer,Girls Night Out,Non-hits
1683,Bon Jovi,Livin' On A Prayer,Guys Night Out,Non-hits
1684,Bon Jovi,Livin' On A Prayer,Summer,Non-hits
1685,Prince,Little Red Corvette,Club,Non-hits
1686,Prince,Little Red Corvette,Cool & Cocky,Non-hits
1687,Prince,Little Red Corvette,Day Driving,Non-hits
1688,Prince,Little Red Corvette,Late Night,Non-hits
1689,Prince,Little Red Corvette,Maverick,Non-hits
1690,Prince,Little Red Corvette,Night Driving,Non-hits
1691,Prince,Little Red Corvette,Partying,Non-hits
1692,Prince,Little Red Corvette,Road Trip,Non-hits
1693,Whitney Houston,How Will I Know,New Love,Non-hits
1694,Whitney Houston,How Will I Know,In Love,Non-hits
1695,Whitney Houston,How Will I Know,Girls Night Out,Non-hits
1696,Whitney Houston,How Will I Know,Partying,Non-hits
1697,Whitney Houston,How Will I Know,TGIF,Non-hits
1698,Whitney Houston,I Will Always Love You,New Love,Non-hits
1699,Whitney Houston,I Will Always Love You,Affection/Fondness,Non-hits
1700,Whitney Houston,I Will Always Love You,In Love,Non-hits
1701,Whitney Houston,I Will Always Love You,Romantic Evening,Non-hits
1702,Whitney Houston,I Will Always Love You,Seduction,Non-hits
1703,Whitney Houston,I Will Always Love You,Slow Dance,Non-hits
1704,Whitney Houston,I Will Always Love You,Breakup,Non-hits
1705,Linkin Park,Numb,Empowering,Non-hits
1706,Linkin Park,Numb,Heartache,Non-hits
1707,Linkin Park,Numb,Introspection,Non-hits
1708,Linkin Park,Numb,Night Driving,Non-hits
1709,Linkin Park,Numb,Late Night,Non-hits
1710,Linkin Park,Numb,Regret,Non-hits
1711,Beyonce,Get Me Bodied,Club,Non-hits
1712,Beyonce,Get Me Bodied,Girls Night Out,Non-hits
1713,Beyonce,Get Me Bodied,Mischievous,Non-hits
1714,Beyonce,Get Me Bodied,Partying,Non-hits
1715,Beyonce,Get Me Bodied,Seduction,Non-hits
1716,Beyonce,Get Me Bodied,TGIF,Non-hits
1717,Coldplay With Jay-Z,Lost!,Affirmation,Non-hits
1718,Coldplay With Jay-Z,Lost!,Comfort,Non-hits
1719,Coldplay With Jay-Z,Lost!,Empowering,Non-hits
1720,Coldplay With Jay-Z,Lost!,Feeling Blue,Non-hits
1721,Coldplay With Jay-Z,Lost!,Hanging Out,Non-hits
1722,Coldplay With Jay-Z,Lost!,Introspection,Non-hits
1723,Coldplay With Jay-Z,Lost!,Long Walk,Non-hits
1724,Coldplay With Jay-Z,Lost!,Rainy Day,Non-hits
1725,Saving Abel,Addicted,Cool & Cocky,Non-hits
1726,Saving Abel,Addicted,Hanging Out,Non-hits
1727,Saving Abel,Addicted,Partying,Non-hits
1728,Saving Abel,Addicted,Guys Night Out,Non-hits
1729,Saving Abel,Addicted,In Love,Non-hits
1730,Saving Abel,Addicted,Sex,Non-hits
1731,Ne-Yo,Closer,Club,Non-hits
1732,Ne-Yo,Closer,Late Night,Non-hits
1733,Ne-Yo,Closer,Partying,Non-hits
1734,Ne-Yo,Closer,Seduction,Non-hits
1735,Ne-Yo,Closer,In Love,Non-hits
1736,Ne-Yo,Closer,Sex,Non-hits
1737,Jack Johnson,You And Your Heart,At the Beach,Non-hits
1738,Jack Johnson,You And Your Heart,Relaxation,Non-hits
1739,Jack Johnson,You And Your Heart,Long Walk,Non-hits
1740,Jack Johnson,You And Your Heart,Sunday Afternoon,Non-hits
1741,Taylor Swift,You Are In Love,In Love,Non-hits
1742,Keyshia Cole,You Complete Me,In Love,Non-hits
1743,Keyshia Cole,You Complete Me,Romantic Evening,Non-hits
1744,Daughtry,You Don't Belong,Breakup,Non-hits
1745,Daughtry,You Don't Belong,Heartache,Non-hits
1746,Daughtry,You Don't Belong,Reflection,Non-hits
1747,Daughtry,You Don't Belong,Regret,Non-hits
1748,Hannah Montana,You'll Always Find Your Way Back Home,Celebration,Non-hits
1749,Hannah Montana,You'll Always Find Your Way Back Home,Playful,Non-hits
1750,Hannah Montana,You'll Always Find Your Way Back Home,Freedom,Non-hits
1751,New Boyz,You're A Jerk,Cool & Cocky,Non-hits
1752,New Boyz,You're A Jerk,Mischievous,Non-hits
1753,New Boyz,You're A Jerk,Playful,Non-hits
1754,New Boyz,You're A Jerk,Summer,Non-hits
1755,Chris Young,You,Dinner Ambiance,Non-hits
1756,Chris Young,You,In Love,Non-hits
1757,Chris Young,You,Relaxation,Non-hits
1758,Chris Young,You,Romantic Evening,Non-hits
1759,Bad Wolves,Zombie,Loss/Grief,Non-hits
1760,Bad Wolves,Zombie,Pain,Non-hits
1761,Bad Wolves,Zombie,Tragedy,Non-hits
